Maud_Bregeon,0.0
Prisca_Thévenot,36.0
Lamia_El_Aaraje,0.0
Philippe_Ballard,0.0
Estelle_Youssouffa,0.0
Stéphane_Vojetta,0.0
Rodrigo_Arenas,0.0
Rachel_Kéké,0.0
Sandra_Regol,0.0
Clémence_Guetté,0.0
Emmanuel_Blairy,0.0
Caroline_Parmentier,0.0
Alma_Dufour,0.0
Paul_Midy,0.0
Florence_Goulet,0.0
Estelle_Folest,0.0
Nathalie_Oziol,0.0
Sabrina_Agresti-Roubache,0.0
François_Piquemal,0.0
Marie_Pochon,0.0
Laure_Lavalette,0.0
Sarah_Legrain,0.0
Charles_Rodwell,0.0
Léo_Walter,0.0
Benjamin_Haddad,622.5
Emmanuel_Pellerin,0.0
Thierry_Frappé,0.0
Frank_Giletti,0.0
Jean-Victor_Castor,0.0
Davy_Rimane,0.0
Steve_Chailloux,0.0
Jiovanny_William,0.0
Johnny_Hajjar,0.0
Frédéric_Maillot,0.0
Emeline_K/Bidi,0.0
Pascale_Bordes,0.0
Alexandre_Portier,0.0
Damien_Maudet,0.0
Florian_Chauche,0.0
Sébastien_Rome,0.0
Marianne_Maximi,0.0
Delphine_Lingemann,0.0
Hendrik_Davi,0.0
Jordan_Guitton,0.0
Matthieu_Marchio,0.0
Anne_Stambach-Terrenoir,0.0
Michaël_Taverne,0.0
Jérôme_Buisson,0.0
Nicolas_Dragon,0.0
José_Beaurain,0.0
Yannick_Monnet,0.0
Jorys_Bovet,0.0
Nicolas_Ray,0.0
Christian_Girard,0.0
Alexandra_Masson,0.0
Bryan_Masson,0.0
Alexandra_Martin,0.0
Frédéric_Falcon,0.0
Jean-François_Rousset,0.0
Julien_Rancoule,0.0
Mélanie_Thomin,0.0
Gisèle_Lelouis,0.0
Sébastien_Delogu,0.0
Romain_Baubry,0.0
Michèle_Martinez,0.0
Carlos_Martens_Bilongo,0.0
Arthur_Delaporte,0.0
Jérémie_Patrier-Leitus,0.0
Caroline_Colombier,0.0
Anne-Laure_Babault,0.0
Christophe_Plassard,0.0
Benoît_Bordat,0.0
Murielle_Lepvraud,0.0
Catherine_Couturier,0.0
Pascale_Martin,0.0
Serge_Muller,0.0
Sandrine_Dogor-Such,0.0
Sébastien_Peytavie,0.0
Anaïs_Sabatini,0.0
Jean-François_Coulomme,0.0
Mathilde_Hignet,0.0
Géraldine_Grangier,0.0
Émilie_Chandler,0.0
Jérôme_Legavre,0.0
Cyrielle_Chatelain,0.0
Hadrien_Clouet,0.0
Jocelyn_Dessigny,0.0
Laurent_Croizier,0.0
Lisette_Pollet,0.0
Christine_Loir,0.0
Katiana_Levavasseur,0.0
Kévin_Mauvieux,0.0
Philippe_Brun,0.0
Christophe_Bex,0.0
Christine_Arrighi,0.0
Perceval_Gaillard,0.0
Andy_Kerbrat,0.0
Jérémie_Iordanoff,0.0
Sylvain_Carrière,0.0
Stéphanie_Galzy,0.0
Aurélien_Lopez-Liguori,0.0
Frédéric_Mathieu,0.0
Justine_Gruet,0.0
Antoine_Vermorel-Marques,0.0
Ségolène_Amiot,0.0
Julie_Laernoes,0.0
Quentin_Bataillon,0.0
Anthony_Brosse,0.0
Thomas_Ménagé,0.0
Andrée_Taurinya,0.0
Annick_Cousin,0.0
Anne-Sophie_Frigout,0.0
Stéphane_Rambaud,0.0
Sabrina_Sebaihi,0.0
Francesca_Pasquini,0.0
Martine_Étienne,0.0
Anne_Le_Hénanff,0.0
Lysiane_Métayer,0.0
Alexandre_Loubet,0.0
Charlotte_Leduc,0.0
David_Guiraud,0.0
Violette_Spillebout,0.0
Christine_Decodts,0.0
Pierrick_Berteloot,0.0
Thibaut_François,0.0
Félicie_Gérard,0.0
Victor_Catteau,0.0
Alexandre_Sabatou,0.0
Mikaele_Seo,0.0
Iñaki_Echaniz,0.0
Sylvie_Ferrer,0.0
Benoît_Mournet,0.0
Emmanuel_Fernandes,0.0
Louise_Morel,0.0
Didier_Lemaire,0.0
Marie-Charlotte_Garin,0.0
Sarah_Tanzilli,0.0
Idir_Boumertit,0.0
Louis_Margueritte,0.0
Élise_Leboucher,0.0
Hubert_Ott,0.0
Antoine_Villedieu,0.0
Julie_Delpech,0.0
Ersilia_Soudais,0.0
Maxime_Laisney,0.0
Béatrice_Roullaud,0.0
Yaël_Ménache,0.0
Aurélien_Saintoul,0.0
Karen_Erodi,0.0
Marine_Hamelet,0.0
Bénédicte_Auzanot,0.0
Béatrice_Bellamy,0.0
Manon_Meunier,0.0
Daniel_Grenon,0.0
Nathalie_Da_Conceicao_Carvalho,0.0
Alexis_Izard,0.0
Thomas_Portes,0.0
Soumya_Bourouaha,0.0
Fatiha_Keloua_Hachi,0.0
Lisa_Belluco,0.0
Louis_Boyard,0.0
Mathieu_Lefèvre,0.0
Paul_Vannier,0.0
Arnaud_Le_Gall,0.0
Éléonore_Caroit,0.0
Philippe_Schreck,0.0
Bastien_Marchive,0.0
Freddy_Sertin,0.0
Servane_Hugues,0.0
Fanta_Berete,0.0
Christopher_Weissberg,19.0
Philippe_Guillemard,0.0
Frédéric_Zgainski,0.0
Chantal_Bouloux,0.0
Clara_Chassaniol,0.0
Mathilde_Desjonquères,0.0
Caroline_Yadan,0.0
Laurence_Heydel_Grillere,0.0
Agnès_Carel,0.0
Laurent_Esquenet-Goxes,0.0
Charlotte_Goetschy-Bolognese,0.0
François_de_Rugy,0.0
Barbara_Pompili,0.0
Pierre_Morel-A-L'Huissier,0.0
Jean-Louis_Touraine,0.0
Marine_Le_Pen,0.0
Bernard_Perrut,0.0
Yves_Blein,0.0
Nicolas_Dupont-Aignan,0.0
George_Pau-Langevin,0.0
Meyer_Habib,0.0
François-Michel_Lambert,0.0
Julien_Aubert,0.0
Charles_de_la_Verpillière,0.0
Anne-Christine_Lang,0.0
Jacques_Krabal,0.0
Hubert_Julien-Laferrière,0.0
Marie-Agnès_Poussier-Winsback,0.0
Pierre-Yves_Bournazel,0.0
William_Martinet,0.0
Joëlle_Mélin,0.0
Christophe_Castaner,0.0
Stéphane_Claireaux,0.0
Joël_Aviragnet,0.0
Maina_Sage,0.0
Éric_Coquerel,0.0
Laurent_Jacobelli,0.0
Éric_Ciotti,0.0
Bruno_Bilde,0.0
Françoise_Dumas,0.0
Hervé_Saulignac,0.0
Élisabeth_Borne,0.0
Nicole_Sanquer,0.0
Olivier_Dussopt,0.0
Danielle_Simonnet,0.0
Marine_Brenier,0.0
Sandrine_Rousseau,0.0
Bérengère_Poletti,0.0
Sébastien_Chenu,0.0
Alexandre_Vincendet,0.0
Michèle_Tabarot,0.0
Philippe_Naillet,0.0
Laurence_Dumont,0.0
Julien_Dive,0.0
Vincent_Ledoux,0.0
Jérôme_Lambert,0.0
Didier_Quentin,0.0
Christine_Pirès-Beaune,0.0
Annie_Genevard,0.0
Philippe_Pradal,0.0
Nicolas_Sansu,0.0
Laurent_Marcangeli,0.0
Benjamin_Lucas,0.0
Éric_Alauzet,0.0
Mounir_Mahjoubi,0.0
Laurence_Vichnievsky,0.0
Alain_Tourret,0.0
Alexis_Corbière,0.0
Raquel_Garrido,0.0
André_Villiers,0.0
Joris_Hébrard,0.0
Jérôme_Nury,0.0
Florent_Boudié,0.0
Thomas_Cazenave,0.0
Aurélie_Trouvé,0.0
Aymeric_Caron,0.0
Éric_Woerth,0.0
Alexandra_Louis,0.0
Benjamin_Saint-Huile,0.0
Sophia_Chikirou,0.0
Bertrand_Pancher,0.0
Boris_Vallaud,0.0
Delphine_Batho,0.0
Benjamin_Griveaux,0.0
Brigitte_Bourguignon,0.0
Brigitte_Kuster,0.0
Bruno_Bonnell,0.0
Bruno_Joncour,0.0
Aurore_Bergé,0.0
Manuel_Bompard,0.0
Charles_de_Courson,0.0
Marc_Ferracci,0.0
Christian_Hutin,0.0
Claude_de_Ganay,0.0
Éric_Bothorel,0.0
Clémentine_Autain,0.0
Emmanuelle_Ménard,0.0
Cécile_Untermaier,0.0
Romain_Grau,0.0
Roland_Lescure,0.0
Danièle_Hérin,0.0
David_Habib,0.0
Hervé_Berville,0.0
Laurence_Gayte,0.0
Sébastien_Cazenove,0.0
Sylvain_Maillard,0.0
Dino_Cinieri,0.0
Lénaïck_Adam,0.0
Rémy_Rebeyrotte,0.0
Valérie_Bazin-Malgras,0.0
Olga_Givernet,0.0
Philippe_Chalumeau,0.0
Pierre_Dharréville,0.0
Mustapha_Laabid,0.0
Laurence_Maillart-Méhaignerie,0.0
Jean-Hugues_Ratenon,0.0
Jean-Marc_Zulesi,0.0
Nathalie_Bassire,0.0
Anne-Laurence_Petel,0.0
Mohamed_Laqhila,0.0
Monica_Michel,0.0
Nadia_Ramassamy,0.0
Saïd_Ahamada,0.0
David_Lorion,0.0
Cathy_Racon-Bouzon,0.0
Laurence_Vanceunebrock-Mialon,0.0
Claire_Pitollat,0.0
Catherine_Fabre,0.0
Cécile_Muschotti,0.0
Danièle_Obono,0.0
Daniel_Labaronne,0.0
Fabienne_Colboc,0.0
Sabine_Thillaye,0.0
Christophe_Arend,0.0
Jennifer_de_Temmerman,0.0
Marie_Lebec,0.0
Valérie_Thomas,0.0
Frédéric_Petit,36.0
Raphaël_Schellenberger,0.0
Laurianne_Rossi,0.0
Valérie_Oppelt,0.0
Anne-France_Brunet,0.0
Huguette_Tiegna,0.0
Stéphane_Trompille,0.0
Grégory_Besson-Moreau,0.0
Anne_Brugnera,0.0
Typhanie_Degois,0.0
Blandine_Brocard,0.0
Jacques_Maire,0.0
Caroline_Abadie,0.0
Jean-Michel_Jacques,0.0
Ramlati_Ali,0.0
Aude_Bono-Vandorme,0.0
Barbara_Bessot-Ballot,0.0
Marc_Delatte,0.0
Catherine_Osson,0.0
Bénédicte_Peyrol,0.0
Delphine_Bagarry,0.0
Jean-Noël_Barrot,0.0
Pascale_Boyer,0.0
Loïc_Dombreval,0.0
Cédric_Roussel,0.0
Alexandra_Valetta_Ardisson,0.0
Pierre_Cordier,0.0
Loïc_Kervran,0.0
Éric_Pauget,0.0
Laurence_Trastour-Isnart,0.0
Fabrice_Brun,0.0
Damien_Adam,0.0
Aude_Amadou,0.0
Patrice_Anato,0.0
Bénédicte_Taurine,0.0
Jacques_Marilossian,0.0
Frédérique_Meunier,0.0
Jean-Luc_Fugit,0.0
Yolaine_de_Courson,0.0
Célia_de_Lavergne,0.0
Anne_Genetet,0.0
Stéphanie_Rist,0.0
Loïc_Prud’homme,0.0
Annaïg_Le_Meur,0.0
Sandrine_Le_Feur,0.0
Graziella_Melchior,0.0
Liliane_Tanguy,0.0
Michel_Larive,0.0
Alain_Perea,0.0
Martine_Wonner,0.0
Sébastien_Leclerc,0.0
Jean-Pierre_Cubertafon,0.0
Jean-Félix_Acquaviva,0.0
Gabriel_Attal,0.0
Lætitia_Avia,0.0
Didier_Baichère,0.0
Géraldine_Bannier,0.0
Bruno_Millienne,0.0
Sophie_Beaudouin-Hubière,0.0
Valérie_Beauvais,0.0
Ugo_Bernalicis,0.0
Monique_Limon,0.0
Brigitte_Liso,0.0
Anne-Laure_Cattelot,0.0
Élodie_Jacquier-Laforge,0.0
Annie_Vidal,0.0
Thierry_Michels,0.0
Anne_Blanc,0.0
Philippe_Bolo,0.0
Émilie_Bonnivard,0.0
Yaël_Braun-Pivet,0.0
Sylvain_Waserman,0.0
Caroline_Janvier,0.0
Michèle_Crouzet,0.0
Carole_Bureau-Bonnard,0.0
Ian_Boucard,0.0
Emmanuelle_Anthoine,0.0
Cyrille_Isaac-Sibille,0.0
Élisabeth_Toutut-Picard,0.0
Corinne_Vignon,0.0
Pieyre-Alexandre_Anglade,456.5
Christophe_Lejeune,0.0
Marie-Christine_Verdier-Jouclas,0.0
Pascal_Bois,0.0
Thibault_Bazin,0.0
Fabien_Matras,0.0
Émilie_Guerel,0.0
Anissa_Khedher,0.0
Danielle_Brulebois,0.0
Stéphane_Buchou,0.0
Lionel_Causse,0.0
Michel_Castellani,0.0
Émilie_Cariou,0.0
Céline_Calvez,0.0
Justine_Benin,0.0
Frédéric_Descrozaille,0.0
Paul-André_Colombani,0.0
Isabelle_Valentin,0.0
Hélène_Zannier,0.0
Natalia_Pouzyreff,3.0
Josy_Poueyto,0.0
Sandrine_Josso,0.0
Patrice_Perrot,0.0
Stanislas_Guerini,0.0
Mathilde_Panot,0.0
Jean-François_Parigi,0.0
Nadia_Hai,0.0
Guillaume_Vuilletet,0.0
Christophe_Jerretie,0.0
Jean-Charles_Larsonneur,0.0
Valérie_Petit,0.0
Sarah_El_Haïry,0.0
Benoît_Potterie,0.0
Alexandre_Holroyd,0.0
Gaël_Le_Bohec,0.0
Pascale_Fontenel-Personne,0.0
Florian_Bachelier,0.0
Sandrine_Mörch,0.0
Damien_Pichereau,0.0
Christine_Cloarec,0.0
Amal-Amélia_Lakrafi,0.0
Jean-Philippe_Ardouin,0.0
Paula_Forteza,0.0
Mireille_Robert,0.0
Christine_Hennion,0.0
Vincent_Thiébaut,0.0
Erwan_Balanant,0.0
Xavier_Batut,0.0
Olivier_Becht,0.0
Belkhir_Belhaddad,0.0
Christophe_Blanchet,0.0
Sylvie_Charrière,0.0
Fabrice_Le_Vigoureux,0.0
Thomas_Mesnier,0.0
Bertrand_Bouyx,0.0
Frédérique_Tuffnell,0.0
Sandra_Marsaud,0.0
François_Cormier-Bouligeon,94.0
Raphaël_Gérard,0.0
Nadia_Essayan,0.0
Jean-Jacques_Ferrara,0.0
Julien_Borowczyk,0.0
Valéria_Faure-Muntian,0.0
Elsa_Faucillon,0.0
Caroline_Fiat,0.0
Jean-Marie_Fiévet,0.0
Didier_Paris,0.0
Agnès_Firmin-Le_Bodo,0.0
Fadila_Khattabi,0.0
Didier_Martin,0.0
Isabelle_Florennes,0.0
Olivier_Gaillard,0.0
Laurent_Garcia,0.0
Yannick_Kerlogot,0.0
Thomas_Gassilloud,0.0
Éric_Girardin,0.0
Guillaume_Gouffier-Cha,0.0
Perrine_Goulet,0.0
Florence_Granjus,0.0
Olivia_Grégoire,0.0
Brahim_Hammouche,0.0
Yannick_Haury,0.0
Pierre_Henriet,0.0
Sacha_Houlié,0.0
Philippe_Huppé,0.0
François_Jolivet,0.0
Catherine_Kamowski,0.0
Stéphanie_Kerbarh,0.0
Rodrigue_Kokouendo,0.0
Sonia_Krimi,0.0
Guy_Bricout,0.0
Aina_Kuric,0.0
Bastien_Lachaud,0.0
Jean-Luc_Lagleize,0.0
Philippe_Latombe,0.0
Moetai_Brotherson,0.0
Vincent_Bru,0.0
Alain_Bruneel,0.0
Aurélien_Pradié,0.0
Matthieu_Orphelin,0.0
Dominique_Potier,0.0
Didier_Le_Gac,0.0
Martine_Leguille-Balloy,0.0
Marion_Lenne,0.0
Aude_Luquet,0.0
Marie-Ange_Magne,0.0
Lise_Magnier,0.0
Emmanuel_Maquet,0.0
Denis_Masséglia,0.0
Max_Mathiasin,0.0
Jean-Paul_Mattei,0.0
Sereine_Mauborgne,0.0
Jean_François_Mbaye,0.0
Marjolaine_Meynier-Millefert,0.0
Philippe_Michel-Kleisbauer,0.0
Patrick_Mignola,0.0
Jean-Michel_Mis,0.0
Jean-Baptiste_Moreau,0.0
Naïma_Moutchou,0.0
Claire_O'Petit,0.0
Zivka_Park,0.0
Stéphane_Peu,0.0
Michèle_Peyron,0.0
Béatrice_Piron,0.0
Adrien_Quatennens,0.0
Alain_Ramadier,0.0
Richard_Ramos,0.0
Pierre-Alain_Raphan,0.0
Isabelle_Rauch,0.0
Robin_Reda,0.0
Hugues_Renson,0.0
Muriel_Ressiguier,0.0
Cécile_Rilhac,0.0
Véronique_Riotton,0.0
Marie-Pierre_Rixain,0.0
Laëtitia_Romeiro_Dias,0.0
Fabien_Roussel,0.0
Sabine_Rubin,0.0
Nicole_Trisse,0.0
Nicole_Dubré-Chirat,0.0
Laëtitia_Saint-Paul,0.0
Valérie_Gomez-Bassac,0.0
Marie_Tamarelle-Verhaeghe,0.0
Thomas_Rudigoz,0.0
Nathalie_Sarles,0.0
Jean-Bernard_Sempastous,0.0
Olivier_Serva,0.0
Bertrand_Sorre,0.0
Sira_Sylla,0.0
Aurélien_Taché,0.0
Buon_Tan,0.0
Jean_Terlier,0.0
Stéphane_Testé,0.0
Nicolas_Turquois,0.0
Hubert_Wulfranc,0.0
Josiane_Corneloup,0.0
Dominique_Da_Silva,0.0
Olivier_Damaisin,0.0
Michel_Delpon,0.0
Pierre_Cabaré,0.0
Jacques_Cattin,0.0
Denis_Sommer,0.0
Jean-René_Cazeneuve,0.0
Anthony_Cellier,0.0
Philippe_Chassaing,0.0
Guillaume_Chiche,0.0
Paul_Christophe,0.0
Jacqueline_Dubois,0.0
Mireille_Clapot,0.0
Nicole_Le_Peih,0.0
Jean-Charles_Colas-Roy,0.0
Bérangère_Couillard,0.0
Alain_David,0.0
Nicolas_Démoulin,0.0
Marguerite_Deprez-Audebert,0.0
Fabien_Di_Filippo,0.0
Benjamin_Dirx,0.0
Stéphanie_Do,0.0
Jean-François_Eliaou,0.0
Coralie_Dubost,0.0
Fabien_Gouttefarde,0.0
Sophie_Mette,0.0
Bruno_Duvergé,0.0
Pierre_Person,0.0
Mickaël_Nogal,0.0
Christophe_Euzet,0.0
Guillaume_Kasbarian,0.0
Michel_Lauzzana,0.0
Fiona_Lazaar,0.0
Patricia_Mirallès,0.0
Adrien_Morenas,0.0
Bruno_Questel,0.0
Jean-François_Portarrieu,0.0
Alexandre_Freschi,0.0
Raphaël_Gauvain,0.0
Xavier_Roseren,0.0
Sophie_Panonacle,0.0
Audrey_Dufeu-Schubert,0.0
Jacques_Savatier,0.0
Pierre_Vatin,0.0
Pierre-Henri_Dumont,0.0
Stella_Dupont,0.0
Maxime_Minot,0.0
Stéphane_Viry,0.0
Michèle_de_Vaucouleurs,0.0
Nathalie_Élimas,0.0
Maud_Petit,0.0
M'jid_El_Guerrab,0.0
Carole_Grandjean,0.0
Laurent_Saint-Martin,0.0
Véronique_Hammerer,0.0
Agnès_Thill,0.0
Benoit_Simian,0.0
Emilie_Chalas,0.0
Xavier_Paluszkiewicz,0.0
Ludovic_Mendes,0.0
Richard_Lioger,0.0
Bruno_Fuchs,0.0
Albane_Gaillot,0.0
Jean-Claude_Leclabart,0.0
Gilles_Le_Gendre,0.0
Christophe_Naegelen,0.0
Charlotte_Lecocq,0.0
Éric_Poulliat,0.0
Béatrice_Descamps,0.0
Fabien_Lainé,1.0
Séverine_Gipson,0.0
Frantz_Gumbs,0.0
François_Cornut-Gentille,0.0
François_Pupponi,0.0
François_Ruffin,0.0
Frédéric_Barbier,0.0
Guy_Teissier,0.0
Frédérique_Dumas,0.0
Gabriel_Amard,0.0
Geneviève_Darrieussecq,0.0
Geneviève_Levy,0.0
Philippe_Gomès,0.0
Gilles_Carrez,0.0
Gilles_Lurton,0.0
Gisèle_Biémouret,0.0
Guillaume_Garot,0.0
Guillaume_Larrivé,0.0
Guillaume_Peltier,0.0
Gwendal_Rouillard,0.0
Gérald_Darmanin,0.0
Gérard_Cherpion,0.0
Gérard_Menuel,0.0
Hervé_Pellois,0.0
Hélène_Vainqueur-Christophe,0.0
Jacqueline_Maquet,0.0
Jean-Charles_Taugourdeau,0.0
Jean-Christophe_Lagarde,0.0
Jean-Claude_Bouchet,0.0
Jean-Jacques_Bridey,0.0
Jean-Jacques_Gaultier,0.0
Jean-Louis_Bricout,0.0
Jean-Louis_Thiériot,49.0
Jean-Luc_Reitzer,0.0
Jean-Marie_Sermier,0.0
Jean-Michel_Clément,0.0
Jean-Paul_Dufrègne,0.0
Jean-Philippe_Nilor,0.0
Jean-Pierre_Door,0.0
Jean-Pierre_Pont,0.0
Jean-Pierre_Vigier,0.0
Jean_Lassalle,0.0
Jimmy_Pahun,0.0
Thierry_Benoit,0.0
Julien_Bayou,0.0
Jérôme_Guedj,0.0
Karl_Olive,0.0
Laure_de_La_Raudière,0.0
Nicolas_Metzdorf,0.0
Louis_Aliot,0.0
Mansour_Kamardine,0.0
Marc_Le_Fur,0.0
Marianne_Dubois,0.0
Marie-Noëlle_Battistel,0.0
Marie_Guévenoux,0.0
Marietta_Karamanli,0.0
Frédéric_Boccaletti,0.0
Michel_Fanget,0.0
Emmanuel_Lacresse,0.0
Astrid_Panosyan,0.0
Michel_Vialay,0.0
Roger_Chudeau,0.0
Michel_Zumkeller,0.0
Frédéric_Valletoux,18.0
Clément_Beaune,0.0
Monique_Iborra,0.0
Olivier_Véran,0.0
Nicolas_Forissier,0.0
Cédric_Villani,0.0
Olivier_Falorni,0.0
Olivier_Faure,0.0
Olivier_Marleix,0.0
Pascal_Brindeau,0.0
Patrick_Hetzel,0.0
Patrick_Vignal,0.0
Paul_Molac,0.0
Philippe_Berta,0.0
Philippe_Dunoyer,0.0
Philippe_Folliot,0.0
Philippe_Gosselin,0.0
Philippe_Vigier,0.0
Richard_Ferrand,0.0
Régis_Juanico,0.0
Sébastien_Nadot,0.0
Sophie_Errante,0.0
Stéphane_Mazars,0.0
Stéphane_Travert,0.0
Sylvie_Tolmont,0.0
Sébastien_Huyghe,0.0
Sébastien_Jumel,0.0
Thierry_Solère,0.0
Valérie_Rabault,0.0
Vincent_Descœur,0.0
Vincent_Rolland,0.0
Virginie_Duby-Muller,0.0
Véronique_Besse,0.0
Véronique_Louwagie,0.0
Yannick_Favennec,0.0
Yves_Daniel,0.0
Éric_Diard,0.0
Éva_Sas,0.0
Marie-France_Lorho,0.0
Farida_Amrani,0.0
Sophie_Taillé-Polian,0.0
Julien_Odoul,0.0
Philippe_Lottiaux,0.0
Xavier_Breton,0.0
Christophe_Bentz,0.0
Nicolas_Meizonnet,0.0
Philippe_Juvin,0.0
Michèle_Victory,0.0
Hervé_de_Lépinau,0.0
Jean-Philippe_Tanguy,0.0
Valérie_Boyer,0.0
Sylvia_Pinel,0.0
David_Amiel,0.0
Franck_Allisio,0.0
Antoine_Savignat,0.0
Matthias_Tavel,0.0
Élisa_Martin,0.0
Jean-Luc_Warsmann,0.0
Constance_Le_Grip,160.0
André_Chassaigne,0.0
Sylvain_Brial,0.0
Manuéla_Kéclard-Mondésir,0.0
Frédéric_Cabrolier,0.0
Stéphane_Lenormand,0.0
Mounir_Belhamiti,0.0
Stéphane_Baudu,0.0
Pascal_Lavergne,0.0
Patricia_Lemoine,0.0
Florence_Provendier,0.0
Yoann_Gillet,0.0
Jean-Luc_Mélenchon,0.0
Francis_Chouat,0.0
Hélène_Laporte,0.0
Bénédicte_Pételle,0.0
Pierre_Meurin,0.0
David_Valence,0.0
Xavier_Albertini,0.0
Sylvie_Bellecourt,0.0
Isabelle_Périgault,0.0
Philippe_Benassaya,0.0
Kévin_Pfeffer,0.0
Hadrien_Ghomi,304.0
Stéphanie_Atger,0.0
Charles_Sitzenstuhl,113.0
Angélique_Ranc,0.0
Alexis_Jolly,0.0
Yannick_Neuder,0.0
Jean-Pierre_Taite,0.0
Emmanuel_Mandon,0.0
Antoine_Léaument,0.0
Valérie_Six,0.0
Michel_Guiniot,0.0
Christine_Engrand,0.0
Claudia_Rouaux,0.0
Émeric_Salmon,0.0
Nathalie_Porte,0.0
Timothée_Houssin,0.0
Edwige_Diaz,0.0
Nicolas_Thierry,0.0
José_Gonzalez,0.0
Christelle_D'Intorni,0.0
Yannick_Chenevard,0.0
Lionel_Tivoli,0.0
Christophe_Barthès,0.0
Sophie_Blanc,0.0
Antoine_Armand,0.0
Charles_Fournier,0.0
Mathilde_Paris,0.0
Julie_Lechanteux,0.0
Olivier_Hoarau,0.0
Christian_Baptiste,0.0
Joël_Giraud,0.0
Grégoire_de_Fournas,0.0
Ludovic_Loquet,0.0
Laurence_Robert-Dehault,0.0
Lionel_Royer-Perreaut,0.0
Jean-Marc_Tellier,0.0
Stéphane_Delautrette,0.0
Philippe_Fait,0.0
Brigitte_Klinkert,0.0
Christelle_Petex-Levet,0.0
Philippe_Sorez,0.0
Roger_Vicot,0.0
Nadège_Abomangoli,0.0
Romain_Daubié,0.0
François_Gernigon,0.0
Yves_Hemedinger,0.0
Stéphanie_Kochert,0.0
Isabelle_Santiago,0.0
Luc_Lamirault,0.0
Élie_Califer,0.0
Bastien_Coriton,0.0
Laurence_Cristol,0.0
Anna_Pic,0.0
Françoise_Buffet,0.0
Jean-François_Lovisolo,0.0
Franck_Riester,0.0
Patrick_Loiseau,0.0
Mickaël_Bouloux,0.0
Mickaël_Cosson,0.0
Francis_Dubois,0.0
Dominique_Faure,0.0
Sophie_Metadier,0.0
Marcellin_Nadeau,0.0
Nicolas_Pacquot,0.0
Vincent_Seitlinger,0.0
David_Taupiac,0.0
Anne-Cécile_Violland,0.0
Lionel_Vuibert,0.0
Pierre_Venteau,0.0
Marc_Fesneau,0.0
Christian_Jacob,0.0
Jean-Louis_Bourlanges,0.0
Maud_Gatel,0.0
Karim_Ben_Cheikh,0.0
Florence_Morlighem,0.0
Christophe_Marion,0.0
Bernard_Reynès,0.0
Camille_Galliard-Minier,0.0
Pierre_Cazeneuve,0.0
Souad_Zitouni,0.0
Bernard_Deflesselles,0.0
Michel_Herbillon,0.0
Sandra_Boëlle,0.0
Nathalie_Serre,0.0
Sarah_Taillebois,0.0
Damien_Abad,0.0
Cécile_Delpirou,0.0
Catherine_Pujol,0.0
Myriane_Houplain,0.0
Chantal_Jourdan,0.0
Claire_Bouchet,0.0
David_Corceiro,0.0
Luc_Geismar,0.0
Marie_Silin,0.0
Sylvain_Templier,0.0
Jean-Claude_Raux,0.0
Pascal_Lecamp,0.0
Éric_Martineau,0.0
Michel_Sala,0.0
Henri_Alfandari,0.0
Laurent_Alexandre,0.0
Anne-Laure_Blin,0.0
Gérard_Leseul,0.0
Karine_Lebon,0.0
Muriel_Roques-Étienne,0.0