Petr_Letocha,1612.0
Jiří_Navrátil,0.0
Michael_Rataj,0.0
Michaela_Šebelová,9837.333333333334
Janosch_Dahmen,787.0
Bärbel_Bas,1735.0
Bärbel_Kofler,0.0
Sofie_Lippert_Troelsen,0.0
Anne-Monika_Spallek,0.0
Jessica_Rosenthal,765.0
Christian_Dürr,16439.0
Regula_Rytz,3633.0
Gitta_Connemann,0.0
Canan_Bayram,0.0
Anton_Hofreiter,0.0
Michael_Meister,0.0
Caren_Lay,22007.333333333336
Oliver_Krischer,16.0
Filiz_Polat,10663.5
Maud_Bregeon,3055.0
Tomáš_Müller,0.0
Róbert_Teleky,0.0
Jana_Berkovcová,0.0
Monika_Afzali_Rubin,0.0
Carsten_Schneider,0.0
Klára_Kocmanová,0.0
Jan_Berki,8536.5
Nadine_Schön,0.0
Johannes_Vogel,8930.666666666666
Karl_Lauterbach,0.0
Gitte_Willumsen,0.0
Theresa_Berg_Andersen,0.0
Susan_Kronborg,0.0
Maja_Torp,0.0
Prisca_Thévenot,1604.0
Bijan_Djir-Sarai,4948.5
Andreas_Larem,1846.0
Emmanuel_Amoos,0.0
Lamia_El_Aaraje,293.0
Manuel_Arribas,0.0
Andreas_Philippi,0.0
José_Ángel_Alonso_Pérez,0.0
Philippe_Ballard,0.0
Marcel_Emmerich,595.5
Anum_Qaisar-Javed,16.0
Renáta_Zajíčková,24726.0
Christian_Kühn,273.0
Tom_Philipp,167.0
Kim_Leadbeater,3225.0
Marco_Wanderwitz,6290.0
Eliška_Olšáková,1668.0
Sarah_Green,0.0
Esra_Limbacher,1605.0
Swantje_Michaelsen,292.0
Christina-Johanne_Schröder,0.0
Karoline_Otte,0.0
Julian_Pahlke,0.0
Kenneth_Mikkelsen,0.0
Estelle_Youssouffa,0.0
Andreas_Mehltretter,0.0
Jiří_Horák,1108.0
Christian_Friis_Bach,0.0
Roderich_Kiesewetter,383464.5
Christian_Görke,0.0
Christian_Hafenecker,0.0
Christian_Hirte,4.0
Eva_Decroix,0.0
Christian_Lohr,0.0
Romana_Bělohlávková,6317.916666666666
Christian_Ragger,0.0
Václav_Král,0.0
Awet_Tesfaiesus,0.0
Andrej_Babiš,13792.0
Christine_Aschenberg-Dugnus,0.0
Christine_Bulliard-Marbach,0.0
Heiko_Maas,0.0
Julia_Seidl,0.0
Christina_Thorholm,0.0
Marie_Krarup,0.0
Antonín_Tesařík,0.0
Alexander_Bartz,0.0
Zbyněk_Stanjura,0.0
Christoph_de_Vries,885.5
Tobias_Winkler,0.0
Mathias_Papendieck,0.0
Zoe_Mayer,0.0
Christina_Stumpp,0.0
Axel_Echeverria,0.0
Martin_Plum,0.0
Stefan_Seidler,0.0
Katrin_Uhlig,1611.0
Ye-One_Rhie,0.0
Nyke_Slawik,10702.0
Melis_Sekmen,0.0
Hanna_Steinmüller,4804.0
Sarah_Lahrkamp,0.0
Anja_Reinalter,0.0
Anna_Kassautzki,0.0
Carmen_Wegge,2.0
Erik_von_Malottki,0.0
Stephan_Seiter,83.0
Katharina_Beck,448.1666666666667
Johannes_Wagner,1585.0
Klaus_Wiener,0.0
Claudia_Raffelhüschen,0.0
Bruno_Hönel,0.0
Bettina_Lugk,0.0
Armand_Zorn,0.0
Hakan_Demir,1256.5
Holger_Becker,0.0
Jakob_Blankenburg,0.0
Markus_Reichel,0.0
Niklas_Wagener,0.0
Macit_Karaahmetoğlu,1590.0
Ottilie_Klein,999.5
Chantal_Kopf,8767.0
Franziska_Hoppermann,1590.5
Matthias_Helferich,0.0
Isabel_Cademartori,21716.5
Annika_Klose,0.0
Kristian_Klinck,0.0
Johannes_Arlt,1.0
Martin_Diedenhofen,0.0
Merle_Spellerberg,0.0
Deborah_Düring,0.0
Saskia_Weishaupt,0.0
Kassem_Taher_Saleh,1285.5
Lina_Seitzl,0.0
Reem_Alabali-Radovan,4639.5
Maja_Wallstein,0.0
Christian_Leye,0.0
Kaweh_Mansoori,3211.0
Sanae_Abdi,0.0
Lukas_Benner,1677.0
Robin_Mesarosch,0.0
Edgar_Naujok,0.0
Derya_Türk-Nachbaur,2118.0
Knut_Abraham,0.0
Tobias_B._Bacherle,137.0
Ophelia_Nick,47.0
Sabine_Grützmacher,0.0
Katja_Adler,0.0
Paula_Piechotta,2306.0
Denise_Loop,0.0
Stephanie_Aeffner,5.0
Muhanad_Al-Halak,0.0
Andreas_Audretsch,3898.0
Maik_Außendorf,2.0
Emilia_Fester,0.0
Marlene_Schönberger,0.0
Leon_Eckert,4596.5
Boris_Mijatovic,717.0
Jan-Niclas_Gesenhues,28764.5
Tim_Klüssendorf,0.0
Hannes_Gnauck,0.0
Schahina_Gambir,1073.0
René_Bochmann,0.0
Laura_Kraft,0.0
Sara_Nanni,148533.0
Verena_Hubertz,0.0
Jasmina_Hostert,1060.0
Malte_Kaufmann,1.0
Ingo_Schäfer,0.0
Martin_Hájek,0.0
Jan_Plobner,0.0
Bengt_Bergt,0.0
Ingo_Bodtke,45.833333333333336
Dirk_Brandes,0.0
Michael_Breilmann,0.0
Yannick_Bury,0.0
Jan_Dieren,1.0
Thomas_Dietz,0.0
Catarina_dos_Santos_Firnhaber,0.0
Sonja_Eichwede,0.0
Heike_Engelhardt,0.0
Martina_Englhardt-Kopf,0.0
Ariane_Fäscher,0.0
Fabian_Funke,3543.0
Kristine_Lütke,22.0
Maximilian_Funke-Kaiser,2.0
Martin_Gaßner-Herz,0.0
Armin_Grau,10439.0
Philipp_Hartewig,0.0
Ulrike_Harzer,1609.3333333333335
Anke_Hennig,0.0
Bernhard_Herrmann,0.0
Nadine_Heselhaus,0.0
Susanne_Hierl,0.0
Lena_Werner,0.0
Markus_Hümpfer,0.0
Gerrit_Huy,4811.0
Ann-Veruschka_Jurisch,0.0
Carlos_Kasper,0.0
Rainer_Keller,0.0
Franziska_Kersten,16.0
Anne_König,0.0
Martin_Kröber,0.0
Volker_Redder,0.0
Thorsten_Lieb,0.0
Anja_Liebert,0.0
Zanda_Martens,0.0
Sascha_Müller,0.0
Parsa_Marvi,11508.0
Franziska_Mascheck,0.0
Volker_Mayer-Lay,0.0
Takis_Mehmet_Ali,0.0
Anikó_Glogowski-Merten,3470.0
Kathrin_Michel,0.0
Mike_Moncsek,0.0
Maximilian_Mordhorst,0.0
Maximilian_Mörseburg,0.0
Florian_Müller,0.0
Rasha_Nasr,725.0
Brian_Nickholz,0.0
Jörg_Nürnberger,0.0
Lennard_Oehl,0.0
Moritz_Oppelt,0.0
Jens_Peick,0.0
Frank_Rinck,0.0
Sebastian_Roloff,0.0
Thorsten_Rudolph,0.0
Michael_Sacher,0.0
Sebastian_Schäfer,0.0
Bernd_Schattner,0.0
Johannes_Schätzl,0.0
Eugen_Schmidt,0.0
Daniel_Schneider,0.0
Anja_Schulz,0.0
Rainer_Semet,695.0
Konrad_Stockmeier,26934.5
Ruppert_Stüwe,10.0
Anja_Troff-Schaffarzyk,0.0
Robin_Wagener,526635.6666666667
Carolin_Wagner,0.0
Hannes_Walter,0.0
Tina_Winklmann,3.0
Kay-Uwe_Ziegler,0.0
Nicolas_Zippelius,8222.0
Stéphane_Vojetta,0.0
Milada_Voborská,0.0
Petr_Fifka,0.0
Michal_Zuna,0.0
Lubomír_Brož,0.0
Jiří_Havránek,0.0
Martin_Exner,1061.0
Barbora_Urbanová,3415.0
Romana_Fischerová,0.0
Pavla_Pivoňka_Vaňková,0.0
Zdeněk_Kettner,0.0
Berenika_Peštová,0.0
Lucie_Potůčková,12.0
Martina_Ochodnická,0.0
Pavel_Kašník,0.0
Miroslav_Zborovský,0.0
Marie_Jílková,0.0
Josef_Flek,1561.0
Karel_Smetana,6.083333333333333
Michael_Kohajda,0.0
Tomáš_Dubský,0.0
Rodrigo_Arenas,0.0
Agnieszka_Brugger,8327.0
Rosa_María_Medel_Pérez,0.0
Niels_Annen,4185.5
Kai_Gehring,73201.0
Rasmus_Jarlov,0.0
Rachel_Kéké,0.0
Sandra_Regol,9.0
Céline_Weber_Koppenburg,1061.0
Michael_Theurer,0.0
Clémence_Guetté,0.0
Clara_Bünger,5660.0
Emmanuel_Blairy,2126.5
Lars-Christian_Brask,2.0
Jarmila_Levko,0.0
Raphaël_Mahaim,17957.5
Paulette_Adassa_Hamilton,0.0
Caroline_Parmentier,0.0
Alma_Dufour,0.0
Reinhard_Brandl,989.0
Paul_Midy,0.0
Jürgen_Hardt,2999.0
Carsten_Müller,0.0
Stefan_Wenzel,23368.0
Florence_Goulet,0.0
Mikkel_Bjørn_Sørensen,0.0
Maria_Gudme,0.0
Estelle_Folest,0.0
Nathalie_Oziol,0.0
Sabrina_Agresti-Roubache,1.0
Nils_Gründer,8760.5
François_Piquemal,9530.0
Simon_Lightwood,0.0
Alexandre_Berthoud,0.0
Marie_Pochon,0.0
Laure_Lavalette,3208.0
Sarah_Legrain,0.0
Charles_Rodwell,1338.0
Léo_Walter,0.0
Benjamin_Haddad,183837.0
Emmanuel_Pellerin,0.0
Thierry_Frappé,0.0
Frank_Giletti,0.0
Helle_Bonnesen,0.0
Jean-Victor_Castor,0.0
Davy_Rimane,0.0
Steve_Chailloux,0.0
Jiovanny_William,0.0
Johnny_Hajjar,0.0
Frédéric_Maillot,0.0
Emeline_K/Bidi,0.0
Pascale_Bordes,0.0
Alexandre_Portier,0.0
Damien_Maudet,0.0
Florian_Chauche,0.0
Sébastien_Rome,0.0
Marianne_Maximi,0.0
Delphine_Lingemann,0.0
Hendrik_Davi,0.0
Jordan_Guitton,0.0
Matthieu_Marchio,0.0
Anne_Stambach-Terrenoir,46.0
Michaël_Taverne,0.0
Jérôme_Buisson,0.0
Nicolas_Dragon,0.0
José_Beaurain,0.0
Yannick_Monnet,0.0
Jorys_Bovet,25464.0
Nicolas_Ray,0.0
Christian_Girard,0.0
Alexandra_Masson,0.0
Bryan_Masson,0.0
Alexandra_Martin,0.0
Frédéric_Falcon,18275.0
Jean-François_Rousset,0.0
Julien_Rancoule,0.0
Mélanie_Thomin,4.0
Gisèle_Lelouis,0.0
Sébastien_Delogu,0.0
Romain_Baubry,0.0
Michèle_Martinez,0.0
Carlos_Martens_Bilongo,232.0
Arthur_Delaporte,0.0
Jérémie_Patrier-Leitus,3791.5
Caroline_Colombier,0.0
Anne-Laure_Babault,0.0
Christophe_Plassard,671.5
Benoît_Bordat,0.0
Murielle_Lepvraud,0.0
Catherine_Couturier,0.0
Pascale_Martin,0.0
Serge_Muller,0.0
Sandrine_Dogor-Such,0.0
Sébastien_Peytavie,0.0
Anaïs_Sabatini,0.0
Jean-François_Coulomme,0.0
Mathilde_Hignet,0.0
Géraldine_Grangier,0.0
Émilie_Chandler,0.0
Jérôme_Legavre,0.0
Cyrielle_Chatelain,1.0
Hadrien_Clouet,0.0
Jocelyn_Dessigny,0.0
Laurent_Croizier,0.0
Lisette_Pollet,0.0
Christine_Loir,0.0
Katiana_Levavasseur,0.0
Kévin_Mauvieux,0.0
Philippe_Brun,0.0
Christophe_Bex,0.0
Christine_Arrighi,0.0
Perceval_Gaillard,0.0
Andy_Kerbrat,2162.0
Jérémie_Iordanoff,0.0
Sylvain_Carrière,109.0
Stéphanie_Galzy,0.0
Aurélien_Lopez-Liguori,0.0
Frédéric_Mathieu,0.0
Justine_Gruet,0.0
Antoine_Vermorel-Marques,0.0
Ségolène_Amiot,0.0
Julie_Laernoes,0.0
Quentin_Bataillon,0.0
Anthony_Brosse,0.0
Thomas_Ménagé,0.0
Andrée_Taurinya,0.0
Annick_Cousin,0.0
Anne-Sophie_Frigout,0.0
Stéphane_Rambaud,0.0
Sabrina_Sebaihi,0.0
Francesca_Pasquini,14.0
Anne_Le_Hénanff,3682.5
Lysiane_Métayer,21355.0
Alexandre_Loubet,0.0
Charlotte_Leduc,0.0
David_Guiraud,0.0
Violette_Spillebout,13122.5
Christine_Decodts,0.0
Pierrick_Berteloot,0.0
Thibaut_François,1.0
Félicie_Gérard,25097.666666666668
Victor_Catteau,0.0
Alexandre_Sabatou,2132.0
Mikaele_Seo,0.0
Iñaki_Echaniz,0.0
Sylvie_Ferrer,0.0
Benoît_Mournet,0.0
Emmanuel_Fernandes,0.0
Louise_Morel,0.0
Didier_Lemaire,0.0
Marie-Charlotte_Garin,1058.0
Sarah_Tanzilli,1604.0
Idir_Boumertit,0.0
Louis_Margueritte,0.0
Élise_Leboucher,0.0
Hubert_Ott,0.0
Antoine_Villedieu,0.0
Julie_Delpech,0.0
Ersilia_Soudais,1377.0
Maxime_Laisney,0.0
Béatrice_Roullaud,0.0
Yaël_Ménache,0.0
Aurélien_Saintoul,2182.0
Karen_Erodi,0.0
Marine_Hamelet,0.0
Bénédicte_Auzanot,0.0
Béatrice_Bellamy,0.0
Manon_Meunier,0.0
Daniel_Grenon,0.0
Nathalie_Da_Conceicao_Carvalho,0.0
Alexis_Izard,0.0
Thomas_Portes,2220.0
Soumya_Bourouaha,0.0
Fatiha_Keloua_Hachi,0.0
Lisa_Belluco,0.0
Louis_Boyard,0.0
Mathieu_Lefèvre,2669.333333333333
Paul_Vannier,2188.0
Arnaud_Le_Gall,2344.0
Éléonore_Caroit,0.0
Philippe_Schreck,0.0
Bastien_Marchive,0.0
Freddy_Sertin,1605.0
Servane_Hugues,0.0
Fanta_Berete,0.0
Christopher_Weissberg,0.0
Philippe_Guillemard,0.0
Frédéric_Zgainski,7183.5
Chantal_Bouloux,0.0
Clara_Chassaniol,3.0
Mathilde_Desjonquères,0.0
Sigurd_Agersnap,0.0
Caroline_Yadan,0.0
Laurence_Heydel_Grillere,0.0
Cornelia_Möhring,0.0
Agnès_Carel,29.0
Laurent_Esquenet-Goxes,6939.0
Charlotte_Goetschy-Bolognese,0.0
Juan_Constenla_Carbón,0.0
Daniel_Rinkert,0.0
Anna_Falkenberg,0.0
Kris_Jensen_Skriver,0.0
Kenneth_Fredslund_Petersen,0.0
Sara_Emil_Baaring,0.0
Thomas_Skriver_Jensen,0.0
Rosa_Eriksen,0.0
Charlotte_Bagge_Hansen,0.0
Mike_Villa_Fonseca,1097.0
Susie_Jessen,0.0
Sandra_Elisabeth_Skalvig,0.0
Sascha_Faxe,0.0
Fie_Hækkerup,0.0
Matilde_Powers,0.0
Steffen_W._Frølund,0.0
Marianne_Bigum,0.0
Helene_Liliendahl_Brydensholt,0.0
Charlotte_Munch,0.0
Rasmus_Lund-Nielsen,0.0
Maria_Durhuus,0.0
Sólbjørg_Jakobsen,0.0
Betina_Kastbjerg,0.0
Kim_Edberg_Andersen,0.0
Christina_Olumeko,0.0
Alexander_Ryle,0.0
Louise_Brown,0.0
Thomas_Monberg,0.0
Jens_Meilvang,0.0
Tobias_Grotkjær_Elmstrøm,0.0
Nick_Zimmermann,0.0
Mohammad_Rona,0.0
Samantha_Kate_Dixon,0.0
Jonathan_Simmel,0.0
Dan_Jørgensen,17404.0
Julio_del_Valle_de_Iscar,0.0
Raquel_Pedraja_Sáinz,0.0
María_Inmaculada_Oria_López,0.0
Julio_Navalpotro_Gómez,0.0
José_Ramón_Ortega_Domínguez,7.0
Diego_Taibo_Monelos,0.0
Onofre_Miralles_Martín,0.0
María_Fernández_Pérez,0.0
Daniela_Ludwig,0.0
Daniela_Schneeberger,0.0
Christian_Lüscher,0.0
Yvette_Estermann,0.0
Lukas_Reimann,0.0
Santiago_Abascal_Conde,0.0
Alfred_Heer,0.0
François_de_Rugy,4180.833333333333
Ada_Marra,0.0
Barbara_Pompili,0.0
Jürgen_Trittin,3690.0
David_Šimek,77.91666666666666
Cédric_Wermuth,3682.0
Bastien_Girod,0.0
Kathrin_Bertschy,0.0
Christa_Markwalder,18175.0
Thomas_Aeschi,0.0
Vladimír_Balaš,0.0
Matthias_Aebischer,0.0
Cesar_Sanchez_Perez,0.0
Pierre_Morel-A-L'Huissier,0.0
Macarena_Montesinos_de_Miguel,0.0
Susana_Ros,0.0
Vicent_Sarrià_Morell,0.0
Vicente_Betoret_Coll,0.0
Jakob_Engel-Schmidt,0.0
Thomas_Hurter,0.0
Søren_Pape_Poulsen,0.0
Peter_Schilliger,0.0
Detlef_Müller,0.0
Helena_Langšádlová,4226.25
Helena_Válková,0.0
Jan_Bauer,0.0
Jan_Bureš,14842.0
Jan_Lacina,0.0
Jana_Černochová,22434.0
Jaroslav_Foldyna,0.0
Jiří_Carbol,0.0
Josef_Cogan,0.0
Karel_Rais,0.0
Marek_Ženíšek,173905.5
Pavel_Staněk,0.0
Radim_Fiala,0.0
Stanislav_Berkovec,0.0
Roger_Nordmann,0.0
Céline_Amaudruz,0.0
Barbara_Gysi,0.0
Martin_Bäumle,3285.0
Yvonne_Feri,0.0
Kurt_Fluri,0.0
Belén_Hoyo,0.0
Erich_Hess,0.0
Ida_Glanzmann-Hunkeler,0.0
Dieter_Janecek,0.0
Dietrich_Monstadt,0.0
Carlos_García_Adanero,0.0
Mertxe_Aizpurua,0.0
Sergio_Sayas,0.0
Andreas_Steenberg,0.0
Ane_Halsboe-Jørgensen,20675.0
Annette_Lind,0.0
Anni_Matthiesen,0.0
Benny_Engelbrecht,100.0
Bjarne_Laustsen,0.0
Carsten_Kissmeyer,0.0
Christian_Juhl,0.0
Dennis_Flydtkjær,0.0
Ellen_Trane_Nørby,0.0
Erling_Bonnesen,0.0
Fatma_Øktem,0.0
Hans_Andersen,0.0
Hans_Kristian_Skibby,0.0
Henning_Hyllested,0.0
Henrik_Dahl,0.0
Christoph_Meyer,0.0
Jacob_Jensen,0.0
Jakob_Ellemann-Jensen,72.0
Jan_E._Jørgensen,1147.0
Jan_Johansen,0.0
Jane_Heitmann,0.0
Jens_Henrik_Thulesen_Dahl,0.0
Jens_Joel,21157.0
Jeppe_Bruus_Christensen,0.0
Jeppe_Søe,0.0
Jesper_Petersen,4955.5
Jon_Stephensen,0.0
Julie_Skovsby,0.0
Karina_Adsbøl,0.0
Karina_Lorentzen,2298.0
Karsten_Hønge,0.0
Kirsten_Normann_Andersen,0.0
Kristian_Pihl_Lorentzen,0.0
Leif_Lahn_Jensen,0.0
Lisbeth_Bech_Poulsen,3666.0
Lotte_Rod,0.0
Louise_Schack_Elholm,1.0
Mads_Fuglede,0.0
Magnus_Heunicke,1116.0
Mai_Mercado,0.0
Marlene_Harpsøe,0.0
Mattias_Tesfaye,0.0
Mette_Reissmann,0.0
Mogens_Jensen,2128.0
Morten_Dahlin,3522.0
Ole_Birk_Olesen,0.0
Orla_Hav,0.0
Per_Husted,0.0
Per_Larsen,0.0
Pernille_Skipper,0.0
Peter_Hummelgaard_Thomsen,0.0
Peter_Juel-Jensen,0.0
Peter_Skaarup,0.0
Rasmus_Helveg_Petersen,0.0
Rasmus_Horn_Langhoff,0.0
Rasmus_Prehn,0.0
René_Christensen,0.0
Rosa_Lund,0.0
Rune_Lund,3.0
Simon_Kollerup,0.0
Sofie_Carsten_Nielsen,0.0
Sophie_Løhde,12292.5
Søren_Espersen,0.0
Thomas_Jensen,0.0
Trine_Bramsen,0.0
Trine_Pertou_Mach,1.0
Zenia_Stampe,0.0
Liselott_Blixt,0.0
Thomas_Danielsen,14535.5
Troels_Ravn,0.0
Ana_Belén_Vázquez,3.0
Celso_Delgado,0.0
Jaime_de_Olano,0.0
Marta_González_Vázquez,0.0
Néstor_Rego,0.0
Tristana_Moraleja,0.0
Michael_Hennrich,0.0
Otto_Fricke,0.0
Dorothee_Martin,500.0
Katharina_Prelicz-Huber,0.0
Martin_Landolt,0.0
Edith_Graf-Litscher,0.0
Thomas_Röwekamp,0.0
Martin_Lidegaard,0.0
Franz_Hörl,0.0
Volker_Wissing,1450.0
Elisabeth_Winkelmeier-Becker,4.0
Edgar_Franke,0.0
Cem_Özdemir,48535.5
Jean-Louis_Touraine,0.0
Marine_Le_Pen,0.0
Ivan_Bartoš,0.0
Bernard_Perrut,0.0
Yves_Blein,0.0
Manfred_Todtenhausen,0.0
Nicolas_Dupont-Aignan,0.0
Stefan_Müller-Altermatt,0.0
Elisabeth_Schneider-Schneiter,1704.0
George_Pau-Langevin,0.0
María_de_los_Llanos_de_Luna_Tobarra,0.0
Morten_Messerschmidt,0.0
Meyer_Habib,0.0
Marian_Jurečka,911.0
Leo_Müller,0.0
Eric_Nussbaumer,14019.0
Philipp_Kutter,0.0
Pascal_Kober,0.0
Jan_Bartošek,3578.8333333333335
Jakub_Michálek,0.0
Ernst_Gödl,0.0
Erwin_Rüddel,0.0
Jacqueline_Badran,0.0
Pavel_Bělobrádek,347.0
Patrick_Schnieder,0.0
Inés_Arrimadas,0.0
José_María_Espejo-Saavedra_Conesa,0.0
Gerhard_Pfister,22840.0
Herbert_Kickl,0.0
Felix_Schreiner,0.0
Michelle_Müntefering,0.0
Oscar_Clavell_Lopez,0.0
Juan_Antonio_Callejas_Cano,0.0
Svenja_Schulze,4795.0
José_Antonio_Rodríguez_Salas,7.0
José_Luis_Ramos_Rodríguez,0.0
Carmelo_Romero_Hernández,0.0
Alfredo_Sancho_Guardia,0.0
Juan_Diego_Requena_Ruiz,0.0
Maria_Gemma_Araujo_Morales,0.0
Diego_Movellán,0.0
Rafaela_Crespín_Rubio,0.0
María_Dolores_Narváez_Bandera,0.0
Javier_Bas_Corugeira,0.0
José_Losada_Fernández,0.0
Ferran_Bel_Accensi,0.0
Herminio_Rufino_Sancho_Iñiguez,0.0
Petra_Gössi,0.0
Sabine_Dittmar,0.0
Sarah_Ryglewski,0.0
Florian_Hahn,3373.0
Florian_Toncar,82.0
Franz_Eßl,0.0
Christos_Pantazis,4850.5
Frank_Schwabe,32276.0
Martin_Candinas,0.0
François-Michel_Lambert,0.0
Frauke_Heiligenstadt,0.0
Julien_Aubert,0.0
Fritz_Güntzler,0.0
Søren_Gade,0.0
Karel_Tureček,0.0
Martin_Baxa,1014.0
Michal_Kučera,0.0
Ondřej_Benešík,29892.5
Roger_Köppel,0.0
Gabriel_Obernosterer,0.0
Beatrix_von_Storch,0.0
Dirk_Wiese,0.0
Ulle_Schauws,25.0
Florian_Oßner,0.0
Karamba_Diaby,0.0
Volker_Michael_Ullrich,4.0
Christian_Haase,0.0
Olav_Gutting,0.0
Tino_Sorge,0.0
Stefan_Zierke,0.0
Carmen_Andrés_Añón,0.0
John_Nicolson,0.0
Steffi_Lemke,0.0
Martin_Kupka,0.0
Šimon_Heller,20.5
Stefan_Schwartze,0.0
Reinhold_Lopatka,32659.0
Corinna_Rüffer,0.0
Bernd_Westphal,0.0
Gerhard_Deimek,0.0
Gerald_Loacker,0.0
Ulrike_Bahr,0.0
Jaroslav_Faltýnek,0.0
Margita_Balaštíková,0.0
Markéta_Pekarová_Adamová,7274.0
Nina_Nováková,0.0
Radek_Vondráček,0.0
Vít_Kaňkovský,0.0
Věra_Kovářová,0.0
Gero_Clemens_Hocker,0.0
Gero_Storjohann,0.0
Jaroslava_Pokorná_Jermanová,0.0
Jan_Volný,0.0
Ladislav_Okleštěk,0.0
David_Kasal,0.0
Martin_Kolovratník,0.0
Jana_Pastuchová,0.0
Roman_Kubíček,0.0
Jan_Metzler,0.0
Harald_Ebner,0.0
Lars_Castellucci,3498.0
Bernhard_Daldrup,0.0
Thomas_Sattelberger,2839.0
Daniela_De_Ridder,0.0
Charles_de_la_Verpillière,0.0
Diane_Abbott,0.0
Manuela_Weichelt-Picard,0.0
Marie-Agnes_Strack-Zimmermann,133960.5
Michael_Kellner,0.0
Thomas_Hitschler,0.0
Dagmar_Schmidt,0.0
Irene_Mihalic,15007.0
Martin_Rosemann,28493.5
Katja_Leikert,224609.5
Johannes_Fechner,0.0
Jana_Schimke,0.0
Cansel_Kızıltepe,7.0
Alois_Rainer,0.0
Sebastian_Hartmann,451.0
Andreas_Schwarz,0.0
Friedrich_Ofenauer,0.0
Katja_Hessel,2085.0
Michael_Bernhard,0.0
Philipp_Schrangl,0.0
Yasmin_Fahimi,0.0
Günter_Krings,0.0
Cornelia_Ecker,0.0
Silke_Launert,0.0
Andrea_Lindholz,2.0
Nina_Warken,0.0
Tabea_Rößner,0.0
Yvonne_Magwas,0.0
Mahmut_Özdemir,0.0
Michael_Frieser,1620.0
Albert_Stegemann,0.0
Alexander_Hoffmann,0.0
Andreas_Hanger,0.0
Andreas_Kollross,0.0
Andreas_Lenz,0.0
Andreas_Rimkus,0.0
Anja_Karliczek,21.0
Beate_Meinl-Reisinger,1304.0
Hans_Christian_Schmidt,0.0
Bernd_Rützel,0.0
Carsten_Körber,0.0
Carsten_Träger,0.0
Christian_Petry,0.0
Katharina_Dröge,3188.0
Matthias_Gastel,0.0
Daniel_Föst,24.0
Julia_Verlinden,0.0
Diana_Gutjahr,0.0
Dirk_Vöpel,0.0
Elisabeth_Pfurtscheller,0.0
Eva_Blimlinger,0.0
Fabio_Regazzi,0.0
Flavia_Wasserfallen,0.0
Frank_Junge,0.0
Friedhelm_Boginski,0.0
Gabriele_Katzmarek,0.0
Saskia_Esken,0.0
Uli_Grötsch,0.0
Udo_Schiefner,0.0
Susanne_Mittag,0.0
Svenja_Stadler,0.0
Sabine_Poschmann,0.0
Rita_Hagl-Kehl,0.0
Michael_Thews,0.0
Martina_Stamm-Fibich,0.0
Johann_Saathoff,0.0
Jens_Zimmermann,0.0
Wolfgang_Stefinger,1619.5
Wilfried_Oellers,0.0
Uwe_Feiler,0.0
Matthias_Hauer,50509.0
Markus_Koob,0.0
Mark_Helfrich,0.0
Kai_Whittaker,0.0
Johannes_Steiniger,6.0
Hansjörg_Durz,0.0
Hagen_Reinhold,136.0
Hannes_Amesbauer,0.0
Katharina_Kucharowits,0.0
Hans_Stefan_Hintner,0.0
Marco_Romano,0.0
Tessa_Ganserer,0.0
Philip_Kucher,0.0
Ralph_Edelhäußer,0.0
Stefan_Heck,0.0
Martin_Major,0.0
Heike_Brehmer,0.0
Jan_Skopeček,0.0
Jan_Korte,38.5
Heinz_Siegenthaler,0.0
Helge_Braun,0.0
Helmut_Brandstätter,30731.0
Helmut_Kleebank,0.0
Henning_Rehbaum,0.0
Ursula_Schneider_Schüttel,14431.0
Fabian_Molina,2132.0
Martina_Munz,0.0
Lucy_Allan,0.0
Sigrid_Maurer,0.0
Mike_Kane,0.0
Emma_Lewell-Buck,0.0
Nigel_Huddleston,60.333333333333336
Konstantin_Kuhle,11813.166666666666
Kai_Jan_Krainer,0.0
Tom_Pursglove,0.0
Holger_Mann,1060.0
Cayetana_Álvarez_de_Toledo,0.0
Hubert_Hüppe,0.0
Anne-Christine_Lang,27231.0
Stephan_Mayer,0.0
Steffen_Bilger,317.5
Marek_Benda,0.0
Sönke_Rix,4.0
Danny_Kruger,148.0
Anneliese_Dodds,0.0
Jacques_Krabal,0.0
Ingmar_Jung,0.0
Ingo_Gädechens,0.0
Ingrid_Nestle,0.0
Hubert_Julien-Laferrière,14463.333333333334
Marie-Agnès_Poussier-Winsback,0.0
Philippe_Nantermod,0.0
Pierre-Yves_Bournazel,2171.0
William_Martinet,12.0
Alexander_Gauland,0.0
Will_Quince,1880.5
Ivo_Vondrák,0.0
Wolfgang_Hellmich,0.0
Nurten_Yılmaz,2664.0
Jamie_Stone,0.0
Janine_Wissler,2711.0
Joachim_Wundrak,0.0
Reinhold_Einwallner,0.0
Johann_Wadephul,27596.5
Chris_Philp,0.0
Andrew_Lewer,0.0
John_Lamont,9396.0
Joan_Ruiz_i_Carbonell,0.0
Íñigo_Errejón,0.0
Richard_Brabec,0.0
Josef_Muchitsch,0.0
Karin_Smyth,0.0
Linda_Teuteberg,0.0
Konstantin_von_Notz,1011.0
Judith_Skudelny,2567.0
Kim_Valentin,126.0
Joëlle_Mélin,0.0
Jürgen_Lenders,4.833333333333333
4X4,0.0
Robert_Jenrick,2851.5
Christophe_Castaner,335.5
Victor_Perli,0.0
Karl_Bär,0.0
Jim_McMahon,0.0
Stéphane_Claireaux,0.0
Karlheinz_Busen,0.0
Max_Lercher,0.0
Karsten_Klein,1689.8333333333335
Joël_Aviragnet,0.0
Maina_Sage,0.0
Sepp_Schellhorn,0.0
Kathrin_Henneberger,6893.5
Kathrin_Vogler,33925.0
Katja_Keul,126.0
Katja_Mast,8472.0
Kirsten_Kappert-Gonther,0.0
Klaus_Fürlinger,0.0
Klaus_Köchl,0.0
Petra_Sitte,6283.0
Éric_Coquerel,1015.0
Sibylle_Hamann,0.0
Susana_Sumelzo_Jordán,7.0
Christian_Rabjerg_Madsen,1167.0
Felix_Banaszak,1577.0
Ralph_Lenkert,5.5
Adriana_Lastra,0.0
Laurent_Jacobelli,0.0
Michael_Grosse-Brömer,18.5
Marc_Jongen,0.0
Kordula_Schulz-Asche,2.0
Linda_Heitmann,0.0
Hans-Peter_Portmann,0.0
Boris_Johnson,214003.5
Lars_Klingbeil,530.0
Lars_Lindemann,4795.0
Nik_Gugger,0.0
Angela_Rayner,0.0
Paul_Ziemiak,422.5
Mette_Abildgaard,0.0
Stephan_Brandner,0.0
Leni_Breymaier,0.0
Simona_Koß,0.0
Lars_Løkke_Rasmussen,1096.0
Lilian_Studer,0.0
Lisa_Paus,20509.666666666668
Patrik_Nacher,12724.0
Valérie_Piller_Carrard,0.0
Éric_Ciotti,0.0
Nina_Tomaselli,0.0
Sibel_Arslan,0.0
Jacob_Mark,0.0
Luise_Amtsberg,0.0
Manfred_Grund,0.0
Pavla_Golasowská,0.0
Manuel_Höferlin,69.0
Ian_Blackford,33758.0
Marco_Buschmann,40.5
Maria_Klein-Schmeink,352.0
Marianne_Schieder,0.0
Mario_Czaja,2128.0
Markus_Grübel,2.0
Markus_Kurth,0.0
Markus_Töns,0.0
Martina_Renner,2781.8333333333335
Chris_Stephens,0.0
Matthias_Birkwald,0.0
Mechthild_Heil,0.0
Metin_Hakverdi,0.0
Michael_Aastrup_Jensen,15233.0
Michael_Gerdes,0.0
Douglas_Hoyos,852.0
Julia_Herr,0.0
Michael_Roth,261947.8333333333
Ronja_Kemmer,6477.0
Joan_Mena_i_Arca,0.0
Pilar_Vallugera,0.0
Michel_Reimon,919.0
Mike_Egger,0.0
Bernd_Baumann,0.0
Michael_Kruse,1678.0
Jon_Pult,9587.0
Irène_Kälin,31002.5
Mustafa_Atici,0.0
Petr_Beitl,0.0
Bruno_Bilde,0.0
Françoise_Dumas,7391.0
Rafael_Mayoral,0.0
Sergi_Miquel_Valentí,0.0
Elvira_Ramón,0.0
Felipe_Sicilia,1.0
José_Zaragoza_Alonso,0.0
Angelika_Glöckner,0.0
Marcel_Dobler,0.0
Nico_Tippelt,0.0
Mhairi_Black,0.0
Alan_Mak,0.0
Kirsty_Blackman,0.0
Liz_Saville_Roberts,2664.0
Nicole_Gohlke,2.333333333333333
Caroline_Ansell,0.0
Ranil_Jayawardena,1.0
Deidre_Brock,0.0
Richard_Burgon,0.0
Ruth_Cadbury,0.0
Lisa_Cameron,0.0
Catherine_West,0.0
Jo_Churchill,1786.0
Michelle_Donelan,2876.0
Flick_Drummond,0.0
Kevin_Foster,10552.666666666666
Marcus_Fysh,0.0
Helen_Hayes,0.0
Kate_Hollern,0.0
Philippa_Whitford,3809.0
Andrea_Jenkyns,0.0
Kirsten_Oswald,1608.0
Chris_Law,6359.0
Carol_Monaghan,0.0
Brendan_O'Hara,3.0
Tommy_Sheppard,0.0
Marion_Fellows,3195.0
Hannah_Bardell,0.0
John_McNally,0.0
Peter_Grant,6408.0
Alison_Thewliss,0.0
Naz_Shah,0.0
Thangam_Debbonaire,0.0
Douglas_Chapman,0.0
Joanna_Cherry,4907.0
Ronnie_Cowan,1605.0
Angela_Crawley,0.0
Martyn_Day,0.0
Martin_Docherty-Hughes,2125.0
Margaret_Ferrier,0.0
Patricia_Gibson,0.0
Patrick_Grady,4788.0
Gavin_Newlands,5852.0
Owen_Thompson,8.0
Stuart_McDonald,0.0
Alan_Brown,2.0
Nikolaus_Scherak,0.0
Wendy_Morton,11999.0
Cat_Smith,0.0
Gerardo_Pisarello,0.0
Sten_Knuth,0.0
James_Cartlidge,3216.0
Maria_Caulfield,1603.5
Alex_Chalk,0.0
Alberto_Costa,0.0
Neil_Coyle,0.0
Judith_Cummins,63.0
James_Davies,0.0
Mims_Davies,1659.0
Steve_Double,0.0
Peter_Dowd,0.0
Oliver_Dowden,0.0
Suella_Braverman,25.0
Vicky_Foxcroft,0.0
Lucy_Frazer,0.0
Nus_Ghani,2938.0
Chris_Green,0.0
Margaret_Greenwood,0.0
Louise_Haigh,4461.0
Luke_Hall,0.0
Carolyn_Harris,0.0
James_Heappey,58530.0
Simon_Hoare,3441.0
Kevin_Hollinrake,0.0
Imran_Hussain,0.0
Hervé_Saulignac,0.0
Norbert_Altenkamp,0.0
Norbert_Hofer,0.0
Rebecca_Long-Bailey,0.0
Jess_Phillips,0.0
Luis_Santamaría_Ruiz,0.0
Stewart_McDonald,226895.0
Élisabeth_Borne,0.0
Kate_Osamor,0.0
Victoria_Prentis,18296.5
Rishi_Sunak,21757.166666666664
Kelly_Tolhurst,0.0
Nicole_Sanquer,0.0
Peter_Kyle,0.0
Clive_Lewis,0.0
Holly_Lynch,1268.0
Rachael_Maskell,1634.0
Johnny_Mercer,89.5
Jo_Stevens,1364.0
Daniel_Zeichner,0.0
Jaume_Asens_Llodrà,0.0
Lea_Wermelin,0.0
Kaare_Dybvad_Bek,0.0
Derek_Thomas,0.0
Trine_Torp,0.0
Carsten_Bach,0.0
Søren_Egge_Rasmussen,0.0
Susanne_Eilersen,0.0
Peter_Kofod_Poulsen,0.0
Lise_Bech,0.0
Eva_Flyvholm,0.0
Jakob_Sølvhøj,0.0
Pelle_Dragsted,0.0
Min_Li_Marti,0.0
Huw_Merriman,0.0
Craig_Tracey,0.0
Britt_Bager,0.0
Rasmus_Nordqvist,0.0
Torsten_Gejl,4.0
Aaja_Chemnitz_Larsen,0.0
Marcus_Knuth,0.0
Oliver_Kaczmarek,0.0
Matthew_Pennycook,0.0
Oliver_Luksic,6909.5
Olivier_Dussopt,1.0
Guillermo_Meijón,0.0
Paul_Lehrieder,0.0
Claire_Hanna,0.0
Albrecht_Glaser,0.0
Gerald_Jones,0.0
Julian_Knight,0.0
Justin_Madders,0.0
Scott_Mann,0.0
Paul_Scully,0.0
Maggie_Throup,0.0
Rebecca_Pow,1606.0
Michael_Tomlinson,0.0
Craig_Williams,3289.0
Anne-Marie_Trevelyan,32066.166666666668
Mike_Wood,0.0
Christina_Rees,0.0
Jeff_Smith,0.0
Royston_Smith,0.0
Tom_Tugendhat,14026.0
Amanda_Solloway,0.0
Marie_Rimmer,0.0
Matt_Warman,0.0
Mary_Robinson,0.0
Nick_Thomas-Symonds,404.0
Amanda_Milling,7547.0
Benjamin_Fischer,0.0
William_Wragg,0.0
Peter_Aumer,0.0
Peter_Beyer,3682.0
Helen_Whately,0.0
Mario_Lindner,0.0
Petr_Gazdík,22110.0
Petra_Bayr,726.0
Danielle_Simonnet,0.0
Gabriel_Rufián,0.0
Sofia_Hernanz_Costa,0.0
Miquel_Àngel_Jerez_Juan,2.0
Marine_Brenier,0.0
Agustín_Almodóbar_Barceló,0.0
Patricia_Blanquer_Alcaraz,0.0
Isabel_Borrego_Cortés,0.0
Sandrine_Rousseau,0.0
Marianne_Binder-Keller,0.0
Priska_Wismer-Felder,0.0
Albert_Botran,0.0
Laura_Berja,0.0
Bérengère_Poletti,0.0
Mauro_Tuena,0.0
Barbara_Steinemann,0.0
Thomas_Burgherr,0.0
Alex_Vanopslagh,0.0
Christian_Imark,0.0
Franz_Grüter,0.0
Jamila_Schäfer,29402.0
Sofía_Castañón,0.0
Jean-Luc_Addor,0.0
Michaël_Buffat,0.0
Sébastien_Chenu,24602.5
Laurent_Wehrli,0.0
Ralph_Brinkhaus,0.0
Rosa_Ecker,0.0
Xavier_Eritja_i_Ciuró,0.0
Jordi_Salvador_i_Duch,0.0
Rita_Schwarzelühr-Sutter,1060.0
Pedro_Requejo_Novoa,0.0
Stefan_Kaineder,0.0
Kemi_Badenoch,0.0
Alexandre_Vincendet,0.0
Ed_Miliband,0.0
Ewa_Ernst-Dziedzic,28212.0
Matthias_Jauslin,0.0
Laurence_Fehlmann_Rielle,0.0
Irene_Montero,0.0
Joan_Margall_Sastre,0.0
Antón_Gómez-Reino,0.0
Vít_Rakušan,0.0
Mireia_Vehí_i_Cantenys,0.0
Josef_Bernard,0.0
Gloria_Elizo,0.0
Kasper_Sand_Kjær,0.0
María_del_Mar_García_Puig,0.0
Aina_Vidal_Sáez,0.0
Tomio_Okamura,0.0
Cuca_Gamarra,6.0
Joan_Capdevila_i_Esteve,0.0
Lidia_Guinart,0.0
Marc_Lamuà_Estañol,0.0
Míriam_Nogueras_i_Camero,0.0
Mercè_Perea,0.0
Jiří_Hájek,0.0
Michèle_Tabarot,0.0
Philippe_Naillet,0.0
Laurence_Dumont,0.0
Serap_Güler,6658.0
Sergio_Gutiérrez_Prieto,0.0
Kasper_Roug,85.5
Txema_Guijarro_García,0.0
Alicia_García_Rodríguez,0.0
Lukáš_Vlček,1071.0
Daniel_Viondi,0.0
Julius_Špičák,0.0
Priska_Seiler_Graf,0.0
Mattea_Meyer,0.0
Regine_Sauter,0.0
Angelo_Barrile,0.0
David_Stögmüller,1605.0
Stefan_Gelbhaar,0.0
Stefan_Müller,14082.5
Julien_Dive,1.0
Vincent_Ledoux,0.0
Harriet_Harman,0.0
Stephan_Thomae,9128.5
Christina_Baum,0.0
Robert_Farle,0.0
Jan_Wenzel_Schmidt,0.0
Jana_Mračková_Vildumetzová,0.0
Susanne_Hennig,1199.5
Sven-Christian_Kindler,3773.0
Sven_Lehmann,1321.5
Sylvia_Lehmann,0.0
Lars_Aslan_Rasmussen,0.0
Jérôme_Lambert,0.0
Didier_Quentin,0.0
Pavel_Klíma,0.0
Anne_Paulin,0.0
Gill_Furniss,0.0
Douglas_Ross,7256.0
Pere_Joan_Pons,4254.0
Carla_Lockhart,0.0
Chris_Elmore,9962.5
Florence_Eshalomi,0.0
Thomas_Drozda,0.0
Christine_Pirès-Beaune,0.0
Annie_Genevard,0.0
Thomas_Gebhart,0.0
Thomas_Hacker,19450.0
Thomas_Heilmann,0.0
Thomas_Lutze,0.0
Petr_Bystron,2124.0
Thomas_Rachel,1428.0
Thomas_Silberhorn,545.0
Thorsten_Frei,0.0
Pernille_Vermund,0.0
Tiana_Angelina_Moser,5452.0
Till_Steffen,1796.1666666666667
Timon_Gremmels,0.0
Tobias_Lindner,10331.0
Torsten_Herbst,14.5
Philippe_Pradal,0.0
Ione_Belarra,0.0
Markus_Frohnmaier,0.0
Juan_Antonio_Delgado_Ramos,0.0
Rosena_Allin-Khan,0.0
Nicolas_Walder,1598.0
Tamara_Funiciello,0.0
Ulrich_Lange,0.0
Nicolas_Sansu,0.0
Laurent_Marcangeli,4627.166666666667
Volkmar_Klein,0.0
Werner_Kogler,4668.0
Debbie_Abrahams,759.0
Nigel_Adams,1543.0
Adam_Afriyie,0.0
Nadine_Dorries,10135.666666666666
Peter_Aldous,0.0
Wolfgang_Gerstl,0.0
Jürgen_Coße,0.0
Wolfgang_Sobotka,0.0
Wolfgang_Strengmann-Kuhn,2726.0
Nadhim_Zahawi,225753.1666666667
Rushanara_Ali,0.0
Klára_Dostálová,0.0
Stuart_Andrew,0.0
Jonathan_Ashworth,97.0
Steve_Baker,10301.333333333334
Harriett_Baldwin,47414.0
Stephen_Barclay,1097.0
Carmen_Calvo_Poyato,0.0
César_Ramos_Esteban,0.0
Pete_Wishart,0.0
Sammy_Wilson,0.0
Klaus_Ernst,677.0
Benjamin_Lucas,453.0
Gavin_Williamson,0.0
Charles_Walker,0.0
Leif-Erik_Holm,0.0
Hilary_Benn,0.0
Robin_Walker,0.0
Ben_Wallace,13398.0
Jake_Berry,0.0
Bob_Blackman,0.0
Paul_Blomfield,0.0
Crispin_Blunt,0.0
Alexander_Throm,0.0
Heather_Wheeler,0.0
Peter_Bone,0.0
Peter_Bottomley,0.0
Karen_Bradley,0.0
Alan_Whitehead,0.0
Ben_Bradshaw,64983.0
Craig_Whittaker,0.0
John_Whittingdale,0.0
Aline_Trede,1685.0
Theresa_May,0.0
Kevin_Brennan,52.0
Andrew_Bridgen,0.0
Steve_Brine,0.0
Lyn_Brown,0.0
Bill_Wiggin,0.0
Fiona_Bruce,0.0
Chris_Bryant,35842.0
Hywel_Williams,2110.0
Karen_Buck,0.0
Martin_Vickers,0.0
Valerie_Vaz,0.0
Jiří_Strýček,0.0
Shailesh_Vara,0.0
Enrico_Komning,0.0
Yasmin_Qureshi,26.0
Alun_Cairns,0.0
Óscar_Gamazo_Micó,0.0
Alan_Campbell,0.0
Gregory_Campbell,0.0
Dominic_Raab,0.0
Alistair_Carmichael,0.0
Bill_Cash,0.0
Liam_Byrne,12030.0
Robert_Buckland,8665.0
Conor_Burns,0.0
Fabian_Gramling,0.0
María_del_Carmen_Navarro_Lacoba,0.0
Rehman_Chishti,992.0
Christopher_Chope,0.0
Greg_Clark,0.0
Derek_Twigg,0.0
Karl_Turner,11484.0
Liz_Truss,296003.1666666666
Jon_Trickett,0.0
Justin_Tomlinson,0.0
Edward_Timpson,0.0
Stephen_Timms,0.0
Emily_Thornberry,0.0
Gareth_Thomas,13206.0
Mark_Tami,0.0
Stephen_Metcalfe,0.0
Pia_Kjærsgaard,0.0
Joan_Baldoví_i_Roda,0.0
Éric_Alauzet,0.0
Ruth_Humbel,0.0
Robert_Courts,1203.0
Zaida_Cantera_de_Castro,0.0
Carolina_España_Reina,0.0
Ángel_Luis_González_Muñoz,0.0
José_Alberto_Herrero_Bono,0.0
Eloy_Suárez,0.0
Isidro_Manuel_Martínez_Oblanca,0.0
Guillermo_Mariscal_Anaya,0.0
Ana_María_Zurita_Expósito,0.0
Mikel_Legarda_Uriarte,0.0
Íñigo_Barandiaran_Benito,0.0
María_del_Carmen_González_Guinda,0.0
Miguel_Ángel_Paniagua_Núñez,0.0
María_Jesús_Moro_Almaraz,0.0
Jesús_Postigo_Quintana,0.0
Teodoro_García_Egea,0.0
Víctor_Valentín_Píriz_Maya,0.0
Miguel_Ángel_Bustamante_Martín,0.0
Sonia_Ferrer_Tesoro,0.0
Isabel_Franco,0.0
Guillermo_Díaz_Gómez,0.0
Miguel_Ángel_Gutiérrez_Vivas,6.0
María_Tamara_Raya_Rodríguez,0.0
Esther_Peña_Camarero,0.0
Maria_Luz_Martínez_Seijo,0.0
Marcus_Faber,17509.0
Sandra_Detzer,894.0
Meri_Pita,0.0
Nina_Scheer,0.0
Rafa_Lomana,0.0
Gottfried_Curio,0.0
Sarah_Olney,0.0
Alice_Weidel,0.0
Caroline_Johnson,0.0
Roland_Fischer,1101.0
Javier_Antón_Cacho,0.0
David_Serrada_Pariente,0.0
Javier_Sánchez_Serna,0.0
José_Ortiz_Galván,0.0
Idoia_Sagastizabal_Unzetabarrenetxea,0.0
Begoña_Nasarre_Oliva,0.0
Mounir_Mahjoubi,0.0
Laurence_Vichnievsky,0.0
Knut_Gerschau,0.0
Alain_Tourret,0.0
Alexis_Corbière,3267.0
Raquel_Garrido,4322.0
André_Villiers,0.0
Joris_Hébrard,0.0
Jérôme_Nury,0.0
María_Carmen_Riolobos_Regadera,0.0
Orla_Østerby,0.0
Florent_Boudié,0.0
Thomas_Cazenave,0.0
Aurélie_Trouvé,0.0
Aymeric_Caron,0.0
Karel_Sládeček,0.0
Peter_Seier_Christensen,0.0
Ondřej_Kolář,73.0
Juan_Carlos_Campo_Moreno,0.0
Luis_Carlos_Sahuquillo,0.0
Trudy_Harrison,0.0
Juan_Luis_Soto_Burillo,1.0
Éric_Woerth,1060.0
Josef_Bělica,0.0
Monika_Oborná,0.0
Pilar_Garrido_Gutiérrez,0.0
Tomás_Cabezón_Casas,0.0
Jon_Iñarritu_García,0.0
Diego_Gago,0.0
Pamela_Rendi-Wagner,0.0
Alexandra_Louis,47.5
Alejandro_Soler_Mur,0.0
Benjamin_Saint-Huile,0.0
Sophia_Chikirou,0.0
Bertrand_Pancher,0.0
Boris_Vallaud,12524.0
Natalie_Pawlik,0.0
Karin_Doppelbauer,0.0
Thérèse_Coffey,4799.0
Yvette_Cooper,3402.0
Jeremy_Corbyn,0.0
Geoffrey_Cox,0.0
Delphine_Batho,5791.0
Stephen_Crabb,0.0
Stella_Creasy,0.0
Tracey_Crouch,0.0
Jon_Cruddas,0.0
John_Cryer,0.0
Alex_Cunningham,0.0
Benjamin_Griveaux,0.0
Brigitte_Klintskov_Jerkel,0.0
Malte_Larsen,0.0
Peder_Hvelplund,0.0
Brigitte_Bourguignon,2337.0
Brigitte_Kuster,0.0
Bruno_Bonnell,0.0
Bruno_Joncour,0.0
Hayato_Okamura,7.0
Christian_Drobits,0.0
Steffen_Larsen,0.0
Aurore_Bergé,10119.0
Manuel_Bompard,116.0
Faika_El-Nagashi,0.0
Charles_de_Courson,0.0
Marc_Ferracci,0.0
Christian_Hutin,0.0
Ed_Davey,0.0
Wayne_David,13021.5
David_Davies,0.0
Geraint_Davies,0.0
Claude_de_Ganay,0.0
Éric_Bothorel,12480.5
Simon_Stadler,4791.5
Clémentine_Autain,0.0
Ana_Beltrán,0.0
Emmanuelle_Ménard,0.0
Martin_Renner,0.0
Karel_Krejza,0.0
Stanislav_Blaha,1605.0
Alena_Schillerová,1060.0
Roger_Beckamp,0.0
Philip_Davies,0.0
David_Davis,0.0
Caroline_Dinenage,19.0
Jonathan_Djanogly,34263.0
Axel_Melchior,0.0
Andri_Silberschmidt,0.0
Jeffrey_Donaldson,0.0
Taťána_Malá,0.0
Henrik_Frandsen,0.0
Cécile_Untermaier,0.0
Romain_Grau,0.0
Vlastimil_Válek,1585.0
Samuel_Bendahan,0.0
Roland_Lescure,42363.5
Danièle_Hérin,5.5
Marsha_de_Cordova,0.0
Anna_McMorrin,0.0
Wera_Hobhouse,0.0
Matt_Western,4.0
Rosie_Duffield,0.0
Stephanie_Peacock,2.0
Christine_Jardine,0.0
Alex_Sobel,56087.5
Luke_Pollard,19031.0
Matt_Rodda,0.0
Lloyd_Russell-Moyle,0.0
Bambos_Charalambous,34.0
Lee_Rowley,0.0
Jack_Brereton,0.0
Tonia_Antoniazzi,9389.0
Liz_Twist,0.0
Tanmanjeet_Singh_Dhesi,24.0
Ben_Lake,0.0
Preet_Gill,6631.5
Darren_Jones,0.0
Bim_Afolami,0.0
Julia_Lopez,0.0
David_Duguid,0.0
Stephen_Morgan,0.0
Sarah_Jones,928.0
David_Habib,0.0
Marek_Výborný,27246.166666666668
Jackie_Doyle-Price,0.0
Hervé_Berville,0.0
Mike_Amesbury,83.0
Ben_Bradley,0.0
Layla_Moran,2122.0
David_Linden,1610.0
Jack_Dromey,0.0
Andrew_Bowie,42593.0
Dan_Carden,0.0
Simon_Clarke,5613.5
Laurence_Gayte,0.0
Sébastien_Cazenove,0.0
James_Duddridge,0.0
Gillian_Keegan,1.5
Alex_Burghart,0.0
Ellie_Reeves,694.0
Rachel_Maclean,495.0
Emma_Hardy,0.0
Alex_Norris,98.0
Leo_Docherty,784.0
Mohammad_Yasin,0.0
Bob_Seely,59872.0
Eddie_Hughes,4400.0
Sylvain_Maillard,24395.0
Iain_Duncan_Smith,4124.0
Philip_Dunne,0.0
Angela_Eagle,0.0
Michaela_Opltová,0.0
Maria_Eagle,0.0
Dino_Cinieri,0.0
Clive_Efford,0.0
Julie_Elliott,0.0
Michael_Ellis,0.0
Tobias_Ellwood,0.0
Lénaïck_Adam,0.0
Rémy_Rebeyrotte,0.0
Valérie_Bazin-Malgras,0.0
Olga_Givernet,8.0
Philippe_Chalumeau,0.0
Pierre_Dharréville,0.0
Mustapha_Laabid,0.0
Laurence_Maillart-Méhaignerie,1066.5
Jean-Hugues_Ratenon,0.0
Jean-Marc_Zulesi,208425.6666666667
Nathalie_Bassire,0.0
Anne-Laurence_Petel,1070.0
Mohamed_Laqhila,428.0
Monica_Michel,0.0
Nadia_Ramassamy,0.0
Saïd_Ahamada,2.0
David_Lorion,0.0
Cathy_Racon-Bouzon,7379.833333333333
Laurence_Vanceunebrock-Mialon,0.0
Claire_Pitollat,1060.0
Catherine_Fabre,0.0
Cécile_Muschotti,1.0
Danièle_Obono,8.0
Daniel_Labaronne,4.5
Fabienne_Colboc,0.0
Sabine_Thillaye,1048.0
Christophe_Arend,1744.5
Jennifer_de_Temmerman,2472.0
Marie_Lebec,54.0
Valérie_Thomas,992.0
Frédéric_Petit,194919.0
Raphaël_Schellenberger,0.0
Laurianne_Rossi,361.0
Valérie_Oppelt,1508.5
Anne-France_Brunet,0.0
Huguette_Tiegna,0.0
Stéphane_Trompille,0.0
Grégory_Besson-Moreau,0.0
Anne_Brugnera,979.3333333333334
Typhanie_Degois,0.0
Blandine_Brocard,5.0
Jacques_Maire,30514.0
Caroline_Abadie,0.0
Jean-Michel_Jacques,6051.5
Ramlati_Ali,0.0
Aude_Bono-Vandorme,0.0
Barbara_Bessot-Ballot,2.0
Marc_Delatte,0.0
Catherine_Osson,14.0
Bénédicte_Peyrol,1.0
Delphine_Bagarry,7.0
Jean-Noël_Barrot,1635.5
Pascale_Boyer,0.0
Loïc_Dombreval,0.0
Cédric_Roussel,0.0
Alexandra_Valetta_Ardisson,5.0
Pierre_Cordier,5.0
Loïc_Kervran,1097.0
Éric_Pauget,4223.0
Laurence_Trastour-Isnart,0.0
Fabrice_Brun,0.0
Damien_Adam,0.0
Aude_Amadou,0.0
Patrice_Anato,1262.0
Bénédicte_Taurine,0.0
Jacques_Marilossian,0.0
Frédérique_Meunier,0.0
Jean-Luc_Fugit,0.0
Yolaine_de_Courson,0.0
Célia_de_Lavergne,0.0
Anne_Genetet,96422.83333333334
Stéphanie_Rist,0.0
Loïc_Prud’homme,0.0
Annaïg_Le_Meur,0.0
Sandrine_Le_Feur,0.0
Graziella_Melchior,0.0
Liliane_Tanguy,0.0
Michel_Larive,0.0
Alain_Perea,0.0
Martine_Wonner,0.0
Sébastien_Leclerc,0.0
Jean-Pierre_Cubertafon,1415.0
Jean-Félix_Acquaviva,0.0
Gabriel_Attal,0.0
Lætitia_Avia,23.0
Didier_Baichère,120.0
Géraldine_Bannier,1611.0
Bruno_Millienne,0.0
Sophie_Beaudouin-Hubière,0.0
Valérie_Beauvais,0.0
Ugo_Bernalicis,0.0
Monique_Limon,0.0
Brigitte_Liso,1.0
Anne-Laure_Cattelot,0.0
Élodie_Jacquier-Laforge,15305.0
Annie_Vidal,2.6666666666666665
Thierry_Michels,0.0
Anne_Blanc,0.0
Philippe_Bolo,0.0
Émilie_Bonnivard,0.0
Yaël_Braun-Pivet,106273.5
Sylvain_Waserman,0.0
Caroline_Janvier,1.0
Michèle_Crouzet,0.0
Carole_Bureau-Bonnard,69.0
Ian_Boucard,0.0
Emmanuelle_Anthoine,0.0
Cyrille_Isaac-Sibille,1054.0
Élisabeth_Toutut-Picard,0.0
Corinne_Vignon,0.0
Pieyre-Alexandre_Anglade,448665.50000000006
Christophe_Lejeune,0.0
Marie-Christine_Verdier-Jouclas,0.0
Pascal_Bois,0.0
Thibault_Bazin,0.0
Fabien_Matras,0.0
Émilie_Guerel,0.0
Anissa_Khedher,51.5
Danielle_Brulebois,0.0
Stéphane_Buchou,0.0
Lionel_Causse,0.0
Michel_Castellani,0.0
Émilie_Cariou,1901.0
Céline_Calvez,14108.0
Justine_Benin,0.0
Frédéric_Descrozaille,0.0
Paul-André_Colombani,0.0
Isabelle_Valentin,0.0
Hélène_Zannier,1.0
Natalia_Pouzyreff,88133.0
Josy_Poueyto,1717.6666666666667
Sandrine_Josso,1635.5
Patrice_Perrot,0.0
Stanislas_Guerini,3896.0
Mathilde_Panot,28320.5
Jean-François_Parigi,0.0
Nadia_Hai,0.0
Guillaume_Vuilletet,3185.0
Christophe_Jerretie,0.0
Jean-Charles_Larsonneur,12262.5
Valérie_Petit,290.5
Sarah_El_Haïry,2229.0
Benoît_Potterie,0.0
Alexandre_Holroyd,3094.5
Gaël_Le_Bohec,0.0
Pascale_Fontenel-Personne,11.0
Florian_Bachelier,0.0
Sandrine_Mörch,0.0
Damien_Pichereau,0.0
Christine_Cloarec,0.0
Amal-Amélia_Lakrafi,6.0
Jean-Philippe_Ardouin,0.0
Bill_Esterson,12761.0
Paula_Forteza,0.0
Mireille_Robert,0.0
Christine_Hennion,625.3333333333333
Vincent_Thiébaut,0.0
Erwan_Balanant,1.0
Xavier_Batut,16.5
Olivier_Becht,0.0
Belkhir_Belhaddad,0.0
Christophe_Blanchet,0.0
Sylvie_Charrière,1503.0
Fabrice_Le_Vigoureux,0.0
Thomas_Mesnier,60.0
Bertrand_Bouyx,2189.5
Frédérique_Tuffnell,0.0
Sandra_Marsaud,0.0
François_Cormier-Bouligeon,2304.1666666666665
Raphaël_Gérard,0.0
Nadia_Essayan,90.5
Jean-Jacques_Ferrara,0.0
Julien_Borowczyk,0.0
Valéria_Faure-Muntian,8041.5
Elsa_Faucillon,0.0
Caroline_Fiat,0.0
Jean-Marie_Fiévet,9574.5
Didier_Paris,47.0
Agnès_Firmin-Le_Bodo,1.0
Fadila_Khattabi,0.0
Didier_Martin,1060.0
Isabelle_Florennes,1211.0
Olivier_Gaillard,0.0
Laurent_Garcia,0.0
Yannick_Kerlogot,0.0
Thomas_Gassilloud,87485.5
Éric_Girardin,0.0
Guillaume_Gouffier-Cha,1910.5
Perrine_Goulet,0.0
Florence_Granjus,0.0
Olivia_Grégoire,4722.0
Brahim_Hammouche,476.6666666666667
Yannick_Haury,1598.0
Pierre_Henriet,0.0
Sacha_Houlié,1014.0
Philippe_Huppé,2206.0
François_Jolivet,4152.833333333333
Catherine_Kamowski,0.0
Stéphanie_Kerbarh,0.0
Rodrigue_Kokouendo,26633.833333333332
Sonia_Krimi,0.0
Guy_Bricout,0.0
Aina_Kuric,2.0
Bastien_Lachaud,9822.0
Jean-Luc_Lagleize,0.0
Philippe_Latombe,0.0
Moetai_Brotherson,0.0
Vincent_Bru,0.0
Alain_Bruneel,0.0
Aurélien_Pradié,0.0
Matthieu_Orphelin,0.0
Dominique_Potier,1438.5
Chris_Evans,0.0
Didier_Le_Gac,4.0
Martine_Leguille-Balloy,0.0
Marion_Lenne,0.0
Aude_Luquet,0.0
Marie-Ange_Magne,0.0
Lise_Magnier,0.0
Emmanuel_Maquet,0.0
Denis_Masséglia,1419.5
Max_Mathiasin,0.0
Jean-Paul_Mattei,0.0
Sereine_Mauborgne,3140.0
Jean_François_Mbaye,8.0
Marjolaine_Meynier-Millefert,0.0
Philippe_Michel-Kleisbauer,3235.5
Patrick_Mignola,0.0
Jean-Michel_Mis,1921.1666666666665
Jean-Baptiste_Moreau,0.0
Naïma_Moutchou,2817.0
Claire_O'Petit,0.0
Zivka_Park,0.0
Stéphane_Peu,0.0
Nigel_Evans,0.0
Michèle_Peyron,0.0
Béatrice_Piron,0.0
Adrien_Quatennens,593.0
Alain_Ramadier,0.0
Richard_Ramos,0.0
Pierre-Alain_Raphan,0.0
Isabelle_Rauch,0.0
Robin_Reda,0.0
Hugues_Renson,0.0
Muriel_Ressiguier,0.0
Cécile_Rilhac,0.0
Véronique_Riotton,0.0
David_Evennett,0.0
Marie-Pierre_Rixain,8648.0
Laëtitia_Romeiro_Dias,1059.5
Fabien_Roussel,0.0
Sabine_Rubin,0.0
Nicole_Trisse,0.0
Nicole_Dubré-Chirat,1594.0
Laëtitia_Saint-Paul,0.0
Valérie_Gomez-Bassac,0.0
Marie_Tamarelle-Verhaeghe,0.0
Thomas_Rudigoz,296.0
Nathalie_Sarles,0.0
Jean-Bernard_Sempastous,0.0
Olivier_Serva,0.0
Bertrand_Sorre,0.0
Sira_Sylla,1061.0
Aurélien_Taché,4289.0
Buon_Tan,0.0
Jean_Terlier,0.0
Stéphane_Testé,0.0
Nicolas_Turquois,0.0
Hubert_Wulfranc,0.0
Josiane_Corneloup,0.0
Dominique_Da_Silva,6.0
Olivier_Damaisin,3191.0
Michel_Delpon,0.0
Michael_Fabricant,0.0
Pierre_Cabaré,0.0
Jacques_Cattin,0.0
Denis_Sommer,0.0
Jean-René_Cazeneuve,4334.0
Anthony_Cellier,0.0
Tim_Farron,0.0
Karen_Ellemann,0.0
Philippe_Chassaing,0.0
Guillaume_Chiche,104.0
Paul_Christophe,0.0
Jacqueline_Dubois,0.0
Mireille_Clapot,13207.0
Nicole_Le_Peih,0.0
Jean-Charles_Colas-Roy,761.0
Bérangère_Couillard,0.0
Alain_David,0.0
Nicolas_Démoulin,8207.0
Marguerite_Deprez-Audebert,3212.666666666667
Fabien_Di_Filippo,0.0
Benjamin_Dirx,0.0
Stéphanie_Do,62.0
Jean-François_Eliaou,79.0
Coralie_Dubost,2037.0
Fabien_Gouttefarde,10905.666666666668
Sophie_Mette,0.0
Bruno_Duvergé,0.0
Pierre_Person,339.0
Mickaël_Nogal,0.0
Christophe_Euzet,2.0
Guillaume_Kasbarian,0.0
Michel_Lauzzana,7966.5
Fiona_Lazaar,0.0
Patricia_Mirallès,1692.0
Adrien_Morenas,0.0
Bruno_Questel,0.0
Jean-François_Portarrieu,0.0
Alexandre_Freschi,0.0
Raphaël_Gauvain,0.0
Xavier_Roseren,0.0
Sophie_Panonacle,0.0
Audrey_Dufeu-Schubert,0.0
Jacques_Savatier,0.0
Pierre_Vatin,0.0
Pierre-Henri_Dumont,0.0
Stella_Dupont,1059.0
Maxime_Minot,0.0
Stéphane_Viry,0.0
Michèle_de_Vaucouleurs,0.0
Nathalie_Élimas,0.0
Maud_Petit,0.0
M'jid_El_Guerrab,0.0
Carole_Grandjean,0.0
Laurent_Saint-Martin,1792.0
Véronique_Hammerer,0.0
Agnès_Thill,3188.0
Benoit_Simian,1606.0
Elvira_Rodríguez,0.0
Emilie_Chalas,32.0
Xavier_Paluszkiewicz,0.0
Ludovic_Mendes,1579.8333333333333
Richard_Lioger,673.0
Bruno_Fuchs,1901.5
Albane_Gaillot,7824.0
Jean-Claude_Leclabart,0.0
Gilles_Le_Gendre,7.666666666666666
Christophe_Naegelen,0.0
Charlotte_Lecocq,1060.5
Éric_Poulliat,0.0
Béatrice_Descamps,0.0
Jonas_Geissler,0.0
Robert_Syms,0.0
María_Auxiliadora_Pérez_Díaz,0.0
Fabien_Lainé,2588.0
Séverine_Gipson,1228.1666666666667
Troels_Lund_Poulsen,0.0
Ulla_Tørnæs,0.0
Frantz_Gumbs,0.0
François_Cornut-Gentille,0.0
François_Pupponi,0.0
François_Ruffin,0.0
Frédéric_Barbier,0.0
Guy_Teissier,0.0
Frédérique_Dumas,0.0
Gabriel_Amard,0.0
Geneviève_Darrieussecq,0.0
Geneviève_Levy,0.0
Philippe_Gomès,0.0
Gilles_Carrez,0.0
Gilles_Lurton,0.0
Gisèle_Biémouret,0.0
Guillaume_Garot,0.0
Guillaume_Larrivé,0.0
Guillaume_Peltier,0.0
Gwendal_Rouillard,0.0
Gérald_Darmanin,0.0
Gérard_Cherpion,0.0
Gérard_Menuel,0.0
Hervé_Pellois,0.0
Hélène_Vainqueur-Christophe,0.0
Jacqueline_Maquet,0.0
Jean-Charles_Taugourdeau,0.0
Jean-Christophe_Lagarde,0.0
Jean-Claude_Bouchet,0.0
Jean-Jacques_Bridey,0.0
Jean-Jacques_Gaultier,0.0
Jean-Louis_Bricout,11.0
Jean-Louis_Thiériot,23802.0
Jean-Luc_Reitzer,0.0
Jean-Marie_Sermier,0.0
Jean-Michel_Clément,0.0
Jean-Paul_Dufrègne,0.0
Jean-Philippe_Nilor,0.0
Jean-Pierre_Door,0.0
Jean-Pierre_Pont,84.0
Jean-Pierre_Vigier,0.0
Jean_Lassalle,0.0
Jimmy_Pahun,3180.0
Thierry_Benoit,0.0
Julien_Bayou,0.0
Jérôme_Guedj,0.0
Karl_Olive,2.0
Laure_de_La_Raudière,0.0
Nicolas_Metzdorf,4429.0
Lorenzo_Quadri,0.0
Louis_Aliot,7655.0
Desmond_Swayne,0.0
Julian_Sturdy,0.0
Graham_Stuart,0.0
Mansour_Kamardine,0.0
Mel_Stride,0.0
Gary_Streeter,0.0
Marc_Le_Fur,0.0
Iain_Stewart,0.0
Marianne_Dubois,0.0
Marie-Noëlle_Battistel,0.0
Marie_Guévenoux,1589.0
Marietta_Karamanli,0.0
Frédéric_Boccaletti,2150.0
Michel_Fanget,0.0
Emmanuel_Lacresse,0.0
Astrid_Panosyan,0.0
Michel_Vialay,0.0
Roger_Chudeau,0.0
Michel_Zumkeller,0.0
Frédéric_Valletoux,937.0
Radovan_Vích,8464.0
Clément_Beaune,358567.1666666666
Karla_Maříková,0.0
Monique_Iborra,2.0
Liam_Fox,1060.0
Juan_López_de_Uralde,0.0
Alberto_Garzón,0.0
Stephen_Hammond,0.0
Sebastian_Münzenmaier,0.0
Andrew_Mitchell,0.0
Olivier_Véran,0.0
David_Mundell,41.0
Jeremy_Hunt,0.0
Chloe_Smith,0.0
Neil_Parish,0.0
John_Redwood,0.0
Michael_Gove,2405.0
Nicolas_Forissier,0.0
Cédric_Villani,21111.0
Maria_Miller,0.0
Olivier_Falorni,0.0
Olivier_Faure,1057.0
Olivier_Marleix,0.0
Markus_Uhl,0.0
Pascal_Brindeau,14.0
Patrick_Hetzel,1061.0
Patrick_Vignal,0.0
Paul_Molac,0.0
Pavel_Blažek,0.0
Stephen_Kinnock,0.0
Petr_Fiala,20781.0
Petr_Bendl,0.0
Fabian_Hamilton,1.0
Philippe_Berta,3.0
Michelle_Gildernew,0.0
Philippe_Dunoyer,0.0
Philippe_Folliot,0.0
Philippe_Gosselin,1060.0
Philippe_Vigier,0.0
Yolanda_Díaz_Pérez,0.0
Achim_Post,0.0
Richard_Bacon,0.0
Catherine_McKinnell,0.0
Bob_Stewart,0.0
John_Stevenson,0.0
Andrew_Stephenson,68.0
Rafael_Simancas,0.0
Ricardo_Tarno,0.0
Richard_Ferrand,68059.5
Rosa_Romero_Sánchez,0.0
Régis_Juanico,0.0
Sébastien_Nadot,825.0
Sophie_Errante,0.0
Stéphane_Mazars,22.0
Stéphane_Travert,10629.0
Sylvie_Tolmont,1049.0
Sébastien_Huyghe,0.0
Sébastien_Jumel,0.0
Thierry_Solère,0.0
Valérie_Rabault,55219.0
Jana_Krutáková,0.0
Vincent_Descœur,0.0
Vincent_Rolland,0.0
Virginie_Duby-Muller,0.0
Véronique_Besse,0.0
Véronique_Louwagie,1605.0
Yannick_Favennec,436.0
Yves_Daniel,0.0
Éric_Diard,0.0
Éva_Sas,0.0
Martin_Reichardt,7706.0
Anne_McLaughlin,1058.0
Iñaki_Ruiz_de_Pinedo_Undiano,0.0
Morten_Bødskov,47182.0
Peter_Boehringer,0.0
Marie-France_Lorho,0.0
Georg_Bürstmayr,4121.0
José_Luis_Ábalos_Meco,0.0
Oskar_Matute,0.0
Andrew_Ullmann,6.0
Mark_Spencer,0.0
John_Spellar,0.0
Yvonne_Fovargue,0.0
Nick_Smith,0.0
Julian_Smith,14.0
Bettina_Stark-Watzinger,6060.0
Henry_Smith,0.0
George_Freeman,78.5
Roger_Gale,0.0
Barry_Gardiner,0.0
Mark_Garnier,0.0
Nick_Gibb,0.0
Andy_Slaughter,0.0
John_Glen,0.0
Mary_Glindon,0.0
Chris_Skidmore,0.0
Robert_Goodwill,0.0
Richard_Graham,0.0
Helen_Grant,0.0
James_Gray,0.0
Damian_Green,0.0
Kate_Green,0.0
Lilian_Greenwood,4935.5
Nia_Griffith,0.0
Andrew_Gwynne,6777.0
Robert_Halfon,1.0
Alec_Shelbrooke,10.0
Jan_Jakob,0.0
Valentin_Abel,1281.0
Pascal_Meiser,894.0
Nina_Stahr,4226.0
Marianne_Streiff-Feller,0.0
Farida_Amrani,0.0
Thomas_Seitz,0.0
Jürgen_Pohl,0.0
Mariana_Iris_Harder-Kühnel,2121.0
Christian_Wirth,0.0
Jochen_Haug,0.0
Kay_Gottschalk,15.0
Harald_Weyel,4.0
Götz_Frömming,36.0
Karsten_Hilse,0.0
Jan_Nolte,0.0
Jens_Beeck,0.0
Marcus_Bühl,0.0
René_Springer,6.0
Steffen_Kotré,1.0
Jörg_Schneider,98.0
Fabian_Jacobi,0.0
Rüdiger_Lucassen,0.0
Michael_Espendiller,1592.0
Stefan_Keuter,0.0
Corinna_Miazga,0.0
Martin_Sichert,0.0
Peter_Felser,0.0
Gerold_Otten,0.0
Stephan_Protschka,1053.0
Tobias_Peterka,0.0
Reinhard_Houben,3.5
Tino_Chrupalla,9604.0
Martin_Hess,0.0
Joana_Cotar,985.0
Uwe_Schulz,0.0
Katrin_Staffler,0.0
Josephine_Ortleb,0.0
Jörn_König,0.0
Christoph_Ploß,25185.5
Christian_Sauter,0.0
Marc_Bernhard,0.0
Norbert_Kleinwächter,0.0
Andreas_Bleck,0.0
Wolfgang_Wiehle,0.0
Dirk_Spaniel,0.0
Johannes_Huber,0.0
Uwe_Witt,0.0
Rainer_Kraft,12.0
Jürgen_Braun,41.0
Daniela_Kluckert,0.5
Anna_Christmann,0.0
Renata_Alt,4628.0
Gökay_Akbulut,0.0
Christoph_Hoffmann,3395.0
Jessica_Tatti,0.0
Benjamin_Strasser,0.0
Axel_Müller,0.0
Michael_Schrodi,0.0
Lukas_Köhler,0.0
Stephan_Pilsinger,0.0
Michael_Kießling,0.0
Nicole_Bauer,50.5
Erhard_Grundl,0.0
Ulrich_Lechte,34724.66666666667
Stefan_Schmidt,0.0
Lisa_Badum,1855.6666666666667
Sebastian_Brehm,0.0
Manuela_Rottmann,0.0
Susanne_Ferschl,0.0
Thomas_Erndl,210398.5
Alexander_Müller,0.0
Björn_Manuel_Simon,17111.5
Till_Mansmann,0.0
Zaklin_Nastic,0.0
Philipp_Amthor,0.0
Ulrike_Schielke-Ziesing,0.0
Silvia_Breher,0.0
Matthias_Seestern-Pauly,0.0
Dietmar_Friedhoff,0.0
Thomas_Ehrhorn,0.0
Johannes_Schraps,0.0
Claudia_Moll,0.0
Markus_Herbrand,0.0
Nicole_Westig,5.0
Helge_Lindh,0.0
Bernd_Reuther,0.0
Wiebke_Esdar,0.0
Kerstin_Vieregge,0.0
Olaf_in_der_Beek,18924.5
Carl-Julius_Cronenberg,0.0
Stefan_Rouenhoff,0.0
Marc_Henrichmann,972.5
Sandra_Weeser,9706.0
Josef_Oster,0.0
Carina_Konrad,657.0
Nicole_Höchst,0.0
Mario_Brandenburg,0.0
Mathias_Stein,0.0
Sören_Pellmann,3956.666666666667
Sepp_Müller,13011.5
Elisabeth_Kaiser,3.0
Gerald_Ullrich,1642.8333333333335
Gyde_Jensen,1.0
Sophie_Taillé-Polian,0.0
Amira_Mohamed_Ali,3.0
Julien_Odoul,45638.5
Falko_Mohrs,0.0
Rocco_Cattaneo,0.0
Bettina_Hoffmann,0.0
Katrin_Helling-Plahr,0.0
Mareike_Wulf,0.0
Frank_Müller-Rosentritt,954.5
Pilar_Marcos_Domínguez,0.0
Jens_Brandenburg,0.0
Philippe_Lottiaux,0.0
Philippa_Strache,0.0
Marc_Biadacz,0.0
Alma_Zadić,0.0
Stephanie_Krisper,10735.0
Robert_Stržínek,0.0
Eva-Maria_Holzleitner,0.0
Patricia_von_Falkenstein,0.0
Selma_Yıldırım,0.0
Johanna_Jachs,0.0
Christoph_Stark,0.0
Gerhard_Kaniak,0.0
Martin_Engelberg,0.0
Nico_Marchetti,0.0
Carmen_Jeitler-Cincelli,0.0
Olga_Richterová,0.0
Věra_Adámková,0.0
Christoph_Zarits,0.0
Verena_Nussbaum,0.0
Vojtěch_Munzar,0.0
Max_Lucks,51973.0
Martina_Kaufmann,0.0
Milan_Feranec,0.0
Aleš_Juchelka,0.0
Kamal_Farhan,0.0
David_Štolpa,0.0
Xavier_Breton,0.0
Lenka_Dražilová,0.0
Marek_Novák,0.0
Ricarda_Lang,6496.0
Natalie_Elphicke,0.0
Sabine_Schatz,0.0
Klaus_Lindinger,0.0
Robert_Laimer,0.0
Karl_Nehammer,0.0
Jaroslav_Bžoch,24876.0
Peter_Weidinger,0.0
Pavel_Růžička,0.0
Robert_Králíček,17393.0
Rebecca_Kirchbaumer,0.0
Ana_Botella_Gómez,0.0
Petra_Wimmer,0.0
Petr_Sadovský,0.0
Jiří_Mašek,0.0
Ana_Pastor_Julián,0.0
David_Pražák,0.0
Marja-Liisa_Völlers,708.0
Jakub_Janda,202.0
Mette_Gjerskov,0.0
Christophe_Bentz,0.0
Radek_Rozvoral,0.0
Vicky_Ford,42018.0
Ida_Auken,0.0
Lucie_Šafránková,0.0
Elvira_Velasco_Morillo,0.0
Radek_Koten,0.0
Tito_Berni,0.0
Eva_Kjer_Hansen,0.0
Nicolas_Meizonnet,6453.0
Valentina_Martínez_Ferro,6.0
Philippe_Juvin,1060.0
Vicente_Tirado_Ochoa,8.0
Michèle_Victory,1062.0
Lubomír_Metnar,0.0
Pedro_Duque,0.0
Hervé_de_Lépinau,0.0
Alyn_Smith,26535.0
Marianne_Jelved,0.0
Brigitte_Crottaz,0.0
Jean-Philippe_Tanguy,5.0
Benjamin_Roduit,2.0
Christian_Ries,0.0
Astrid_Krag,0.0
Patxi_López,0.0
Valérie_Boyer,0.0
Sylvia_Pinel,1062.0
Gertraud_Salzmann,0.0
Corinna_Scharzenberger,0.0
Alberto_Asarta,0.0
Frederik_Vad_Nielsen,1138.0
Carl_Valentin,2217.0
David_Amiel,0.0
Franck_Allisio,0.0
Andy_McDonald,0.0
Antoine_Savignat,0.0
Anthony_Browne,0.0
Barry_Sheerman,0.0
Nils_Schmid,18759.0
Matt_Hancock,0.0
Greg_Hands,242333.5
Mark_Harper,42.5
Rebecca_Harris,0.0
Simon_Hart,7218.0
Virendra_Sharma,0.0
Alok_Sharma,0.0
Grant_Shapps,3808.0
Jim_Shannon,0.0
Oliver_Heald,0.0
Andrew_Selous,0.0
David_Rutley,0.0
Andrew_Rosindell,0.0
Laurence_Robertson,0.0
Odón_Elorza_González,0.0
Mette_Thiesen,0.0
Katrin_Göring-Eckardt,4834.0
Andreas_Glarner,0.0
José_María_Mazón_Ramos,0.0
Kristian_Thulesen_Dahl,0.0
Andreas_Mattfeldt,0.0
Andreas_Scheuer,0.0
Mette_Frederiksen,77.0
Jonathan_Reynolds,4366.0
Michael_Töngi,0.0
Matthias_Tavel,0.0
Nicolo_Paganini,1597.0
Javier_Ortega_Smith-Molina,0.0
Élisa_Martin,0.0
Jean-Luc_Warsmann,0.0
Michael_Schnedlitz,0.0
Constance_Le_Grip,72934.66666666667
Chris_Hazzard,0.0
Claudia_Webbe,0.0
Colum_Eastwood,0.0
Conor_McGinn,0.0
André_Chassaigne,0.0
Craig_Mackinlay,0.0
Sara_Giménez,0.0
Dawn_Butler,0.0
Órfhlaith_Begley,0.0
Anette_Kramme,0.0
Drew_Hendry,0.0
Pia_Olsen_Dyhr,19630.0
Lamya_Kaddor,125.5
David_Lammy,417.0
Ria_Schröder,0.0
Doris_Fiala,0.0
Sylvain_Brial,0.0
Manuéla_Kéclard-Mondésir,0.0
Jens_Rohde,0.0
Anna_Firth,0.0
Francie_Molloy,0.0
Zdenka_Němečková_Crkvenjaš,0.0
Ates_Gürpinar,4169.0
Volker_Reifenberger,0.0
Janet_Daby,3191.0
Frédéric_Cabrolier,0.0
Gareth_Bacon,0.0
Gavin_Robinson,0.0
Theresa_Scavenius,0.0
John_Finucane,0.0
Giles_Watling,0.0
Anke_Domscheit-Berg,7410.833333333334
Enrique_Santiago,0.0
Carolina_Telechea_i_Lozano,0.0
Naser_Khader,0.0
Stéphane_Lenormand,0.0
Annalena_Baerbock,5455.0
Mounir_Belhamiti,307.0
Stinus_Lindgreen,0.0
Aitor_Esteban,0.0
Friedrich_Merz,18147.0
Alfonso_Rodríguez_Gómez_de_Celis,0.0
Annette_Widmann-Mauz,0.5
Nickie_Aiken,0.0
Bertel_Haarder,0.0
Norma_Pujol_i_Farré,0.0
María_José_García-Pelayo_Jurado,0.0
Antonio_González_Terol,0.0
Antonio_Hurtado_Zurera,0.0
Stéphane_Baudu,0.0
Pascal_Lavergne,0.0
Patricia_Lemoine,0.0
Florence_Provendier,3.5
Signe_Munk,0.0
Karel_Haas,28301.083333333332
Rachel_Reeves,2.0
Carlos_Rojas_García,0.0
Mark_Pritchard,0.0
Christopher_Pincher,0.0
Bridget_Phillipson,0.0
Nicolai_Wammen,0.0
Toby_Perkins,0.0
Andrew_Percy,0.0
John_Penrose,0.0
Mark_Pawsey,0.0
Priti_Patel,42979.5
Guy_Opperman,6156.5
Chi_Onwurah,85.0
Matthew_Offord,0.0
Jesse_Norman,0.0
Caroline_Nokes,0.0
Bob_Neill,1729.0
Lisa_Nandy,7.0
Andrew_Murrison,0.0
Sheryll_Murray,0.0
Ian_Murray,0.0
James_Morris,0.0
Grahame_Morris,0.0
David_Morris,0.0
Anne_Marie_Morris,0.0
Jessica_Morden,1087.0
Penny_Mordaunt,3316.0
Nigel_Mills,0.0
Kerry_McCarthy,0.0
Yoann_Gillet,0.0
Jean-Luc_Mélenchon,7026.0
Christoph_Schmid,0.0
Ian_Mearns,0.0
Esther_McVey,0.0
Stephen_McPartland,0.0
Nanna_W._Gotfredsen,0.0
Antje_Tillmann,0.0
Francisco_José_Alcaraz,0.0
Gabriel_Elorriaga_Pisarik,0.0
Natalie_Imboden,1851.5
Miguel_Ángel_González_Caballero,0.0
Francis_Chouat,0.0
Corina_Gredig,0.0
Inés_Sabanés,0.0
José_Ignacio_Echániz,0.0
Juan_José_Aizcorbe_Torra,0.0
Samira_Marti,0.0
Matthias_Moosdorf,0.0
Pau_Marí-Klose,0.0
Lourdes_Méndez_Monasterio,0.0
Magdalena_Valerio_Cordero,0.0
Manuel_Mestre_Barea,0.0
María_Jesús_Montero_Cuadrado,0.0
María_Luisa_Carcedo,0.0
Philipp_Matthias_Bregy,4734.5
Pablo_Casado_Blanco,0.0
Hélène_Laporte,29.5
Nezahat_Baradari,0.0
Pedro_Quevedo_Iturbe,0.0
Pedro_Sánchez,0.0
Percival_Manglano,0.0
Bénédicte_Pételle,0.0
Olaf_Scholz,117269.0
Franciska_Rosenkilde,0.0
Sandra_Moneo,0.0
Andrea_Holzner,0.0
James_Cleverly,382373.0
Pedro_Fernández_Hernández,0.0
Iván_Espinosa_de_los_Monteros_de_Simón,0.0
John_Healey,2995.0
Valentín_García_Gómez,0.0
Gabriela_Suter,0.0
Pierre_Meurin,0.0
Kilian_Baumann,0.0
Norbert_Röttgen,312569.0
David_Valence,3214.5
Xavier_Albertini,4.0
Heidi_Reichinnek,0.0
Martin_Kukla,0.0
Montse_Bassa,0.0
Laura_López_i_Domínguez,0.0
Francisco_Aranda_Vargas,6.0
Javier_Alfonso,0.0
Marie_Bjerre,0.0
Sylvie_Bellecourt,0.0
Isabelle_Périgault,0.0
Philippe_Benassaya,0.0
Tilman_Kuban,443.0
Karel_Havlíček,0.0
Maria_das_Graças_Carvalho_Dantas,0.0
Marta_Rosique,0.0
Pablo_Montesinos_Aguayo,0.0
Kévin_Pfeffer,0.0
Hadrien_Ghomi,1499.1666666666667
Paloma_Gázquez,0.0
Arnau_Ramírez_Carner,0.0
Omar_Anguita,0.0
Franziska_Roth,0.0
Stéphanie_Atger,3163.5
Sonia_Guerra_López,0.0
Charles_Sitzenstuhl,2807.0
Angélique_Ranc,0.0
Ruth_Jones,0.0
Alexis_Jolly,19177.0
Yannick_Neuder,0.0
Jean-Pierre_Taite,0.0
Emmanuel_Mandon,0.0
Antoine_Léaument,3805.0
Valérie_Six,1066.0
Michel_Guiniot,0.0
Christine_Engrand,0.0
Gerard_Álvarez_i_Garcia,0.0
Genís_Boadella_Esteve,0.0
Josep_Pagès_Massó,0.0
Claudia_Rouaux,22485.0
Émeric_Salmon,0.0
Nathalie_Porte,0.0
Timothée_Houssin,0.0
Edwige_Diaz,1071.0
Nicolas_Thierry,0.0
Juan_Carlos_Segura_Just,0.0
José_Gonzalez,0.0
Christelle_D'Intorni,0.0
Yannick_Chenevard,0.0
Lionel_Tivoli,0.0
Inés_Granollers_i_Cunillera,0.0
Francisco_José_Contreras_Peláez,0.0
Christophe_Barthès,0.0
Sophie_Blanc,0.0
Antoine_Armand,1059.0
Manuel_Mariscal_Zabala,0.0
Charles_Fournier,0.0
Mathilde_Paris,0.0
Julie_Lechanteux,0.0
Olivier_Hoarau,0.0
Christian_Baptiste,0.0
Joël_Giraud,1238.3333333333333
Verena_Herzog,0.0
Grégoire_de_Fournas,0.0
Ludovic_Loquet,0.0
Laurence_Robert-Dehault,0.0
Lionel_Royer-Perreaut,0.0
Jean-Marc_Tellier,0.0
Stéphane_Delautrette,0.0
Philippe_Fait,1665.0
Brigitte_Klinkert,2300.0
Christelle_Petex-Levet,0.0
Philippe_Sorez,0.0
Roger_Vicot,0.0
Nadège_Abomangoli,1359.5
Romain_Daubié,0.0
François_Gernigon,0.0
Yves_Hemedinger,0.0
Stéphanie_Kochert,0.0
Isabelle_Santiago,10399.0
Luc_Lamirault,0.0
Élie_Califer,0.0
Bastien_Coriton,0.0
Laurence_Cristol,0.0
Anna_Pic,2660.0
Françoise_Buffet,0.0
Jean-François_Lovisolo,0.0
Ekin_Deligöz,0.0
Keir_Starmer,44790.5
Edmundo_Bal_Francés,4.0
María_de_la_Cabeza_Ruiz_Solás,0.0
Carla_Toscano_de_Balbín,0.0
Mercedes_Pérez_Merino,0.0
Isaura_Leal,0.0
Joy_Morrissey,0.0
Suzanne_Webb,0.0
Brendan_Clarke-Smith,0.0
Zarah_Sultana,0.0
Tom_Randall,0.0
Fay_Jones,0.0
Ángel_López_Maraver,0.0
Linea_Søgaard-Lidell,0.0
Ondřej_Babka,1606.0
Héctor_Illueca_Ballester,0.0
Kit_Malthouse,0.0
Roberto_Uriarte_Torrealday,0.0
Andrea_Fernández_Benéitez,0.0
Aki-Matilda_Høegh-Dam,0.0
Bjørn_Brandenborg,0.0
Marlene_Ambo-Rasmussen,0.0
Victoria_Velásquez,0.0
Niels_Flemming_Hansen,0.0
Lars_Boje_Mathiesen,0.0
Camilla_Fabricius,0.0
Heidi_Bank,0.0
Katrine_Robsøe,0.0
Anne_Sophie_Callesen,0.0
Charlotte_Broman_Mølbæk,0.0
Mona_Juul,0.0
Christoffer_Aagaard_Melson,2.0
Anders_Kronborg,0.0
Birgitte_Vind,0.0
Astrid_Carøe,0.0
Anne_Valentina_Berthelsen,1380.0
Kathrine_Olldag,1067.0
Rasmus_Stoklund,10879.5
Henrik_Møller,0.0
Birgitte_Bergman,0.0
Mai_Villadsen,0.0
Samira_Nawa,0.0
Halime_Oğuz,0.0
Katarina_Ammitzbøll,0.0
Franck_Riester,10093.0
Philip_Krämer,0.0
Macarena_Olona_Choclán,0.0
Martin_Haab,0.0
Claudia_Friedl,12994.0
Fernando_Adolfo_Gutiérrez_Díaz_de_Otazu,0.0
Ricardo_Chamorro_Delmo,0.0
Lukas_Hammer,0.0
Lars_Christian_Lilleholt,0.0
Leonore_Gewessler,5109.0
Isabel_Mackensen-Geis,0.0
Gesine_Lötzsch,0.0
Gregor_Gysi,1112.0
Renate_Künast,3038.0
José_Ramírez_del_Río,0.0
Víctor_Manuel_Sánchez_del_Real,0.0
José_María_Figaredo_Álvarez-Sala,0.0
Pablo_Sáez_Alonso-Muñumer,0.0
María_de_los_Reyes_Romero_Vilches,0.0
Patricia_Rueda_Perelló,0.0
Pernille_Rosenkrantz-Theil,0.0
Claudia_Müller,0.0
Belén_Fernández_Casero,0.0
Ana_Prieto,0.0
Olga_Alonso_Suárez,0.0
Patrick_Loiseau,18.0
Mickaël_Bouloux,0.0
Mickaël_Cosson,0.0
Francis_Dubois,0.0
Dominique_Faure,0.0
Sophie_Metadier,0.0
Marcellin_Nadeau,0.0
Nicolas_Pacquot,0.0
Vincent_Seitlinger,0.0
David_Taupiac,0.0
Anne-Cécile_Violland,0.0
Lionel_Vuibert,0.0
Felix_Wettstein,0.0
Beatriz_Carrillo,0.0
Hans-Peter_Friedrich,0.0
Barbara_Neßler,0.0
Cristina_López_Zamora,0.0
Carmen_Baños_Ruiz,0.0
Therese_Schläpfer,0.0
Barbara_Schaffner,1629.0
Gema_López_Somoza,0.0
Rocío_De_Meer_Méndez,0.0
Ignacio_López_Cano,0.0
José_Luis_Aceves_Galindo,0.0
Eva_Bravo_Barco,0.0
Eva_Patricia_Bueno_Campanario,0.0
Helena_Caballero_Gutiérrez,0.0
Pablo_Cambronero_Piqueras,0.0
Mariana_de_Gracia_Canales_Duque,0.0
Santos_Cerdán_León,0.0
Ismael_Cortés_Gómez,0.0
María_Soledad_Cruz-Guzmán_García,0.0
Juan_Cuatrecasas_Asua,5.0
Luc_Andre_Diouf_Dioh,21.5
José_Carlos_Durán_Peralta,0.0
Cristina_Alicia_Esteban_Calonje,0.0
Mario_Garcés_Sanagustín,0.0
María_Montserrat_García_Chavarría,0.0
Maribel_García_López,7.0
Roberto_García_Morís,0.0
Héctor_Gómez_Hernández,0.0
Ariagona_González_Pérez,0.0
María_Guijarro_Ceballos,0.0
Pedro_Antonio_Honrubia_Hurtado,0.0
Antonia_Jover_Díaz,0.0
Fuensanta_Lima_Cid,0.0
Juan_Ignacio_López-Bas_Valero,0.0
Andrés_Lorite_Lorite,0.0
Roser_Maestro_Moliner,0.0
María_Ángeles_Marra_Domínguez,0.0
María_Marrodán_Funes,0.0
María_Carmen_Martínez_Granados,0.0
Montse_Mínguez_García,0.0
Lucía_Muñoz_Dalda,0.0
María_Muñoz_Vidal,1.0
Esther_Padilla_Ruiz,0.0
Adolfo_Pérez_Abellás,0.0
Margarita_Prohens_Rigo,0.0
Germán_Renau_Martínez,0.0
Marisa_Saavedra_Muñoz,0.0
Mariano_Sánchez_Escobar,0.0
Marisol_Sánchez_Jódar,0.0
Juan_Francisco_Serrano_Martínez,0.0
Yolanda_Seva_Ruiz,0.0
Martina_Velarde_Gómez,0.0
Noemí_Villagrasa_Quero,0.0
Peter_Heidt,6305.5
Lucy_Powell,1353.0
Pierre_Venteau,0.0
Afzal_Khan,7085.5
Drahoslav_Ryba,0.0
Chris_Heaton-Harris,0.0
Mark_Hendrick,0.0
Marc_Fesneau,6062.0
Meg_Hillier,0.0
Damian_Hinds,0.0
Martin_Geertsen,0.0
Christiane_Schenderlein,0.0
Marionna_Schlatter,0.0
Tanja_Larsson,0.0
Mickey_Brady,0.0
Armin_Schwarz,0.0
Margaret_Hodge,0.0
Sharon_Hodgson,16270.0
Adam_Holloway,0.0
Stewart_Hosie,13.0
George_Howarth,0.0
Lindsay_Hoyle,0.0
Daniel_Kawczynski,0.0
Jakob_Schwarz,0.0
Bernd_Riexinger,17.0
Johannes_Margreiter,2465.0
Maximilian_Köllner,0.0
Alison_McGovern,851.0
Pat_McFadden,1606.0
John_McDonnell,0.0
Siobhain_McDonagh,706.0
Karl_McCartney,0.0
Jason_McCartney,869.0
Steve_McCabe,0.0
Paul_Maynard,0.0
Paul_Maskey,0.0
Seema_Malhotra,0.0
Shabana_Mahmood,0.0
Khalid_Mahmood,0.0
Angus_MacNeil,1059.0
Tim_Loughton,0.0
Jonathan_Lord,0.0
Jack_Lopresti,0.0
Tony_Lloyd,0.0
Meri_Disoski,3274.0
Neil_O'Brien,0.0
Hermann_Gröhe,1.0
Mariona_Illamola_Dausà,0.0
Christian_Jacob,0.0
Rudolf_Silvan,0.0
Jean-Louis_Bourlanges,105684.0
Paul_Girvan,0.0
Hubertus_Heil,0.0
Pavel_Žáček,52942.5
Maud_Gatel,19880.666666666664
Omid_Nouripour,3269.0
Yannick_Shetty,0.0
Christine_Badertscher,1.0
Alexander_Graf_Lambsdorff,8381.0
Simone_de_Montmollin,0.0
Christophe_Clivaz,0.0
Delphine_Klopfenstein_Broggini,1508.0
Sidney_Kamerzin,0.0
Léonore_Porchet,16079.0
Christian_Dandrès,0.0
Sophie_Michaud_Gigon,0.0
Marie-France_Roth_Pasquier,0.0
François_Pointet,1.0
Fabien_Fivaz,43994.0
Damien_Cottier,38463.0
Franziska_Ryser,0.0
Meret_Schneider,126.0
Kurt_Egger,0.0
Martin_Litschauer,27848.0
Henrike_Brandstötter,0.0
Gerhard_Andrey,0.0
Stéfanie_Prezioso,0.0
Fiona_Fiedler,0.0
Andreas_Minnich,279.0
Petra_Vorderwinkler,0.0
Olga_Voglauer,0.0
Ralph_Schallmeiner,0.0
Markus_Koza,0.0
Elisabeth_Götze,0.0
Martina_Künsberg_Sarre,0.0
Alois_Schroll,0.0
Petra_Oberrauner,0.0
Joachim_Schnabel,0.0
Carina_Reiter,0.0
Céline_Widmer,2936.0
Greta_Gysin,0.0
Jörg_Mäder,0.0
Süleyman_Zorba,0.0
Dan_Jarvis,0.0
Sajid_Javid,7538.0
Bernard_Jenkin,0.0
Diana_Johnson,14657.0
Gareth_Johnson,0.0
Andrew_Jones,0.0
David_Jones,0.0
Joe_Weingarten,1329.0
Karim_Ben_Cheikh,0.0
Esther_Friedli,0.0
Pilar_Calvo_i_Gómez,0.0
Michael_Kaufmann,0.0
Monika_Rüegger,0.0
Rupa_Huq,0.0
Christian_Wasserfallen,13780.0
Sarah_Champion,2397.0
Valentine_Python,0.0
Isabelle_Pasquier,391.0
Jürg_Grossen,3853.0
Juan_Luis_Steegmann_Olmedillas,0.0
Mireia_Borrás_Pabón,0.0
Georgina_Trías_Gil,0.0
Antonio_Salvá_Verd,0.0
Patricia_de_las_Heras_Fernández,0.0
María_Magdalena_Nevado_del_Campo,0.0
Carlos_Zambrano_García-Raez,0.0
Tomás_Fernández_Ríos,0.0
Pablo_Juan_Calvo_Liste,0.0
Rubén_Silvano_Manso_Olivar,0.0
Luis_Gestoso_de_Miguel,0.0
Julio_Utrilla_Cano,0.0
Inés_María_Cañizares_Pacheco,0.0
Rodrigo_Jiménez_Revuelta,0.0
Víctor_Guido_González_Coello_de_Portugal,0.0
María_Teresa_López_Álvarez,0.0
Judith_Bellaïche,0.0
Melanie_Mettler,0.0
Søren_Søndergaard,0.0
Ian_Liddell-Grainger,0.0
Edward_Leigh,0.0
Andrea_Leadsom,2068.8333333333335
Ian_Lavery,0.0
Pauline_Latham,0.0
Eleanor_Laing,1063.0
Kwasi_Kwarteng,5260.0
Greg_Knight,0.0
Liz_Kendall,811.0
Barbara_Keeley,2667.0
Marcus_Jones,0.0
Kevan_Jones,0.0
Helge_Limburg,210382.0
James_Murray,0.0
Fleur_Anderson,13685.0
Simon_Baynes,6801.666666666666
Theo_Clarke,0.0
Sarah_Owen,44.0
Feryal_Clark,0.0
Navendu_Mishra,22.0
Dave_Doogan,2116.0
Neale_Hanvey,0.0
Stephen_Flynn,1043.0
Richard_Thomson,11196.0
Steven_Bonnar,2.0
Allan_Dorans,0.0
Amy_Callaghan,25.0
Munira_Wilson,0.0
Wendy_Chamberlain,0.0
Helen_Morgan,0.0
Stephen_Doughty,97045.0
Stephen_Farry,0.0
Steve_Reed,0.0
Jerome_Mayhew,0.0
Franziska_Brantner,2967.0
Katherine_Fletcher,0.0
Simon_Fell,0.0
Darren_Henry,0.0
Selaine_Saxby,4867.0
Julie_Marson,0.0
Felicity_Buchan,0.0
Matt_Vickers,0.0
Mark_Eastwood,0.0
Jamie_Wallis,1.0
Gary_Sambrook,0.0
Olivia_Blake,12441.5
Christian_Wakeford,0.0
Scott_Benton,1038.0
Nadia_Whittome,15623.0
Duncan_Baker,3144.6666666666665
Robbie_Moore,1692.0
Sarah_Atherton,0.0
Alicia_Kearns,63688.0
Robert_Largan,0.0
Laura_Farris,1605.0
Siobhan_Baillie,0.0
Lia_Nici,0.0
Stuart_Anderson,5125.5
Antony_Higginbotham,0.0
Sara_Britcliffe,0.0
Louie_French,1693.0
Mary_Foy,8691.0
David_Simmonds,0.0
Elliot_Colburn,0.0
Marco_Longhi,0.0
Nicola_Richards,0.0
Angela_Richardson,167.5
Shaun_Bailey,0.0
Mick_Whitley,0.0
Beth_Winter,1000.0
Sam_Tarry,1617.0
Paula_Barker,0.0
Apsana_Begum,11.0
Chris_Loder,0.0
Abena_Oppong-Asare,17229.0
Bell_Ribeiro-Addy,0.0
Taiwo_Owatemi,1061.0
Charlotte_Nichols,3533.0
Cherilyn_Mackrory,1734.0
Imran_Ahmad_Khan,0.0
Neil_Hudson,8851.0
Claire_Coutinho,0.0
Sally-Ann_Hart,1300.0
Sarah_Dines,0.0
Ben_Everitt,10400.0
Gagan_Mohindra,0.0
Paul_Bristow,1513.0
Kieran_Mullan,0.0
Dehenna_Davison,3.0
Alex_Davies-Jones,11809.0
Ian_Byrne,0.0
Florence_Brenzikofer,1704.5
Rachel_Hopkins,4030.0
Mark_Logan,0.0
Andy_Carter,0.0
Kim_Johnson,0.0
Saqib_Bhatti,0.0
James_Sunderland,0.0
Simon_Jupp,0.0
Alexander_Stafford,0.0
Robin_Millar,0.0
Jane_Hunt,0.0
Luke_Evans,0.0
James_Daly,0.0
Paul_Holmes,0.0
Mark_Jenkinson,0.0
Dean_Russell,3.0
Jacob_Young,0.0
Jo_Gideon,0.0
Tahir_Ali,0.0
Anthony_Mangnall,0.0
Ruth_Edwards,0.0
Kate_Osborne,0.0
James_Wild,3003.0
Andrew_Western,0.0
Peter_Gibson,0.0
Ben_Spencer,0.0
Stefanie_Heimgartner,0.0
Misbah_Khan,0.0
Richard_Holden,9699.333333333334
Chris_Clarkson,0.0
Paul_Howell,126.0
Greg_Smith,0.0
Tom_Hunt,1605.0
Gareth_Davies,0.0
Lee_Anderson,0.0
Rob_Butler,0.0
Nick_Fletcher,0.0
David_Johnston,0.0
Andrew_Griffith,5.0
Jane_Stevenson,1653.0
Aaron_Bell,4.0
Manuel_Strupler,0.0
Bruno_Storni,0.0
Piero_Marchesi,0.0
Thomas_Brunner,0.0
Lars_Guggisberg,0.0
Katja_Christ,0.0
Maja_Riniker,0.0
Sahra_Wagenknecht,0.0
Petra_Pau,0.0
Sandra_Guaita_Esteruelas,0.0
Sevim_Dağdelen,1082.0
Hana_Naiclerová,0.0
Alexander_Radwan,1.0
Armin_Laschet,1059.0
Torsten_Schack_Pedersen,0.0
Tulip_Siddiq,4140.0
Florence_Morlighem,4552.5
Axel_Knoerig,0.0
Aydan_Özoğuz,0.0
Miguel_Ángel_Castellón_Rubio,0.0
Wes_Streeting,12433.5
Concepció_Cañadell_i_Salvia,0.0
Christophe_Marion,0.0
Balthasar_Glättli,15075.5
Beat_Flach,1412.0
Beate_Müller-Gemmeke,1923.0
Agnes_Sirkka_Prammer,552.0
Javier_Cerqueiro_González,0.0
Beatriz_Álvarez_Fanjul,0.0
Pablo_Hispán_Iglesias_de_Ussel,2.0
Beatriz_Jiménez_Linuesa,0.0
Sebastián_Jesús_Ledesma_Martín,0.0
Javier_Merino_Martínez,0.0
Pedro_Navarro_López,0.0
Juan_Luis_Pedreño_Molina,0.0
María_de_la_O_Redondo_Calvillo,0.0
Eduardo_Carazo_Hermoso,0.0
Elena_Castillo_López,1.0
Mario_Cortés_Carballo,0.0
Andrés_Alberto_Rodríguez_Almeida,0.0
Antidio_Fagúndez_Campo,0.0
María_del_Pilar_Rodríguez_Gómez,0.0
Pedro_Casares_Hontañón,32.5
Lorenz_Hess,0.0
Ana_Oramas,0.0
Bernard_Reynès,0.0
Indalecio_Gutiérrez,0.0
Sandra_Bubendorfer-Licht,0.0
Sjúrður_Skaale,0.0
Bettina_Rausch,0.0
Camille_Galliard-Minier,1.0
Jörg_Leichtfried,0.0
Ingeborg_Gräßle,0.0
Anja_Weisgerber,0.0
Christian_Wolfgang_Lindner,26928.333333333336
Dorothee_Bär,2748.0
Anna_Lührmann,352134.0
Alois_Stöger,0.0
Jens_Spahn,101.0
Nadine_Masshardt,0.0
Pierre_Cazeneuve,0.0
Ali_Al-Dailami,0.0
Gudrun_Kugler,0.0
Edurne_Uriarte,0.0
Emilio_del_Valle,0.0
Julia_Klöckner,5138.0
Christoph_Matznetter,0.0
Sebastian_Fiedler,0.0
Christian_von_Stetten,0.0
Souad_Zitouni,0.0
Bohuslav_Svoboda,0.0
Daniel_Senderos_Oraá,0.0
Bernard_Deflesselles,0.0
Ralf_Stegner,2626.0
Uxía_Tizón_Vázquez,0.0
Joaquín_García_Díez,0.0
Meritxell_Batet,35.0
Dagmar_Belakowitsch,0.0
Thomas_Bareiß,39.0
Frank_Bsirske,0.0
Frank_Schäffler,0.0
Britta_Haßelmann,217810.83333333334
Michel_Herbillon,0.0
Pavel_Svoboda,0.0
Igor_Hendrych,0.0
Matěj_Havel,4.0
Viktor_Vojtko,10803.5
Ondřej_Lochman,17679.5
Miloš_Nový,0.0
Ivana_Mádlová,0.0
Rafael_José_Vélez,0.0
Sandra_Boëlle,0.0
Sarah_Wyss,91.5
Jan-Marco_Luczak,11189.0
Nathalie_Serre,0.0
Sarah_Taillebois,0.0
Damien_Abad,8998.0
Caroline_Lucas,8001.0
Josip_Juratovic,0.0
Cécile_Delpirou,0.0
Catherine_Pujol,0.0
Myriane_Houplain,0.0
Chantal_Jourdan,3268.0
Claire_Bouchet,0.0
David_Corceiro,9627.0
Luc_Geismar,1068.0
Marie_Silin,1192.1666666666667
Sylvain_Templier,0.0
Thomas_Jarzombek,0.0
Gunther_Krichbaum,993.0
Jean-Claude_Raux,0.0
Pascal_Lecamp,0.0
Éric_Martineau,0.0
Michel_Sala,0.0
Henri_Alfandari,0.0
Laurent_Alexandre,0.0
Kenny_MacAskill,0.0
Uffe_Elbæk,0.0
Richard_Foord,22.0
Jens_Teutrine,0.0
Henning_Otte,0.0
Michael_Georg_Link,697.0
Dietmar_Bartsch,10294.833333333332
Anne-Laure_Blin,0.0
Gérard_Leseul,4771.0
Karine_Lebon,0.0
Muriel_Roques-Étienne,1063.0
Andrej_Hunko,0.0