Petr_Letocha,616.45
Jiří_Navrátil,184.68
Michael_Rataj,1.0
Michaela_Šebelová,769.27
Janosch_Dahmen,984.19
Bärbel_Bas,811.59
Bärbel_Kofler,534.11
Sofie_Lippert_Troelsen,223.55
Anne-Monika_Spallek,844.52
Jessica_Rosenthal,835.3
Christian_Dürr,993.05
Regula_Rytz,938.19
Gitta_Connemann,1.0
Canan_Bayram,838.2
Anton_Hofreiter,962.44
Michael_Meister,986.19
Caren_Lay,707.14
Oliver_Krischer,986.55
Filiz_Polat,988.58
Maud_Bregeon,963.65
Tomáš_Müller,1.0
Róbert_Teleky,1.0
Jana_Berkovcová,1.0
Monika_Afzali_Rubin,52.35
Carsten_Schneider,785.66
Klára_Kocmanová,1.0
Jan_Berki,644.01
Nadine_Schön,1.0
Johannes_Vogel,988.72
Karl_Lauterbach,386.14
Gitte_Willumsen,1.0
Theresa_Berg_Andersen,1.0
Susan_Kronborg,159.7
Maja_Torp,1.0
Prisca_Thévenot,990.25
Bijan_Djir-Sarai,979.48
Andreas_Larem,608.03
Emmanuel_Amoos,1.0
Lamia_El_Aaraje,864.23
Manuel_Arribas,1.0
Andreas_Philippi,1.0
José_Ángel_Alonso_Pérez,1.5
Philippe_Ballard,526.84
Marcel_Emmerich,979.89
Anum_Qaisar-Javed,802.64
Renáta_Zajíčková,594.12
Christian_Kühn,978.25
Tom_Philipp,660.94
Kim_Leadbeater,830.2
Marco_Wanderwitz,989.94
Eliška_Olšáková,663.5
Sarah_Green,1.0
Esra_Limbacher,839.24
Swantje_Michaelsen,980.8
Christina-Johanne_Schröder,847.83
Karoline_Otte,938.34
Julian_Pahlke,972.47
Kenneth_Mikkelsen,372.68
Estelle_Youssouffa,1.0
Andreas_Mehltretter,307.14
Jiří_Horák,682.63
Christian_Friis_Bach,1.0
Roderich_Kiesewetter,987.08
Christian_Görke,1.0
Christian_Hafenecker,1.0
Christian_Hirte,989.76
Eva_Decroix,12.77
Christian_Lohr,1.0
Romana_Bělohlávková,740.26
Christian_Ragger,1.0
Václav_Král,1.0
Awet_Tesfaiesus,445.42
Andrej_Babiš,282.51
Christine_Aschenberg-Dugnus,835.19
Christine_Bulliard-Marbach,480.63
Heiko_Maas,383.78
Julia_Seidl,169.86
Christina_Thorholm,199.8
Marie_Krarup,20.87
Antonín_Tesařík,629.63
Alexander_Bartz,1.0
Zbyněk_Stanjura,199.47
Christoph_de_Vries,990.59
Tobias_Winkler,982.18
Mathias_Papendieck,594.68
Zoe_Mayer,705.26
Christina_Stumpp,268.37
Axel_Echeverria,1.0
Martin_Plum,1.0
Stefan_Seidler,1.0
Katrin_Uhlig,989.57
Ye-One_Rhie,826.34
Nyke_Slawik,989.88
Melis_Sekmen,533.82
Hanna_Steinmüller,928.91
Sarah_Lahrkamp,1.0
Anja_Reinalter,1.0
Anna_Kassautzki,541.14
Carmen_Wegge,406.81
Erik_von_Malottki,507.01
Stephan_Seiter,985.98
Katharina_Beck,987.16
Johannes_Wagner,975.15
Klaus_Wiener,468.42
Claudia_Raffelhüschen,1.0
Bruno_Hönel,846.72
Bettina_Lugk,678.8
Armand_Zorn,632.93
Hakan_Demir,894.5
Holger_Becker,1.0
Jakob_Blankenburg,1.0
Markus_Reichel,270.33
Niklas_Wagener,568.99
Macit_Karaahmetoğlu,879.05
Ottilie_Klein,986.44
Chantal_Kopf,994.06
Franziska_Hoppermann,983.94
Matthias_Helferich,172.98
Isabel_Cademartori,984.29
Annika_Klose,121.44
Kristian_Klinck,856.35
Johannes_Arlt,671.08
Martin_Diedenhofen,523.42
Merle_Spellerberg,910.63
Deborah_Düring,988.29
Saskia_Weishaupt,662.8
Kassem_Taher_Saleh,989.26
Lina_Seitzl,911.61
Reem_Alabali-Radovan,987.49
Maja_Wallstein,270.05
Christian_Leye,190.48
Kaweh_Mansoori,707.87
Sanae_Abdi,739.08
Lukas_Benner,984.12
Robin_Mesarosch,101.01
Edgar_Naujok,451.21
Derya_Türk-Nachbaur,862.84
Knut_Abraham,791.33
Tobias_B._Bacherle,984.78
Ophelia_Nick,977.43
Sabine_Grützmacher,992.9
Katja_Adler,786.49
Paula_Piechotta,981.24
Denise_Loop,760.92
Stephanie_Aeffner,900.71
Muhanad_Al-Halak,832.4
Andreas_Audretsch,989.26
Maik_Außendorf,895.76
Emilia_Fester,1.0
Marlene_Schönberger,987.04
Leon_Eckert,983.23
Boris_Mijatovic,989.54
Jan-Niclas_Gesenhues,982.11
Tim_Klüssendorf,1.0
Hannes_Gnauck,72.24
Schahina_Gambir,966.98
René_Bochmann,1.0
Laura_Kraft,980.87
Sara_Nanni,992.51
Verena_Hubertz,736.56
Jasmina_Hostert,739.4
Malte_Kaufmann,260.2
Ingo_Schäfer,224.74
Martin_Hájek,561.88
Jan_Plobner,1.0
Bengt_Bergt,1.0
Ingo_Bodtke,992.03
Dirk_Brandes,1.0
Michael_Breilmann,1.0
Yannick_Bury,913.63
Jan_Dieren,380.48
Thomas_Dietz,216.28
Catarina_dos_Santos_Firnhaber,958.93
Sonja_Eichwede,440.36
Heike_Engelhardt,738.3
Martina_Englhardt-Kopf,1.0
Ariane_Fäscher,219.17
Fabian_Funke,733.47
Kristine_Lütke,983.72
Maximilian_Funke-Kaiser,974.29
Martin_Gaßner-Herz,762.01
Armin_Grau,993.0
Philipp_Hartewig,922.53
Ulrike_Harzer,985.07
Anke_Hennig,304.39
Bernhard_Herrmann,874.81
Nadine_Heselhaus,250.97
Susanne_Hierl,993.53
Lena_Werner,488.79
Markus_Hümpfer,1.0
Gerrit_Huy,132.12
Ann-Veruschka_Jurisch,992.05
Carlos_Kasper,427.16
Rainer_Keller,138.74
Franziska_Kersten,835.86
Anne_König,537.95
Martin_Kröber,1.0
Volker_Redder,671.84
Thorsten_Lieb,877.37
Anja_Liebert,287.55
Zanda_Martens,1.0
Sascha_Müller,980.96
Parsa_Marvi,994.42
Franziska_Mascheck,1.0
Volker_Mayer-Lay,1.0
Takis_Mehmet_Ali,170.8
Anikó_Glogowski-Merten,988.24
Kathrin_Michel,510.14
Mike_Moncsek,1.0
Maximilian_Mordhorst,661.08
Maximilian_Mörseburg,572.27
Florian_Müller,1.0
Rasha_Nasr,604.07
Brian_Nickholz,51.34
Jörg_Nürnberger,181.57
Lennard_Oehl,250.79
Moritz_Oppelt,443.3
Jens_Peick,1.0
Frank_Rinck,1.0
Sebastian_Roloff,782.24
Thorsten_Rudolph,408.97
Michael_Sacher,984.84
Sebastian_Schäfer,986.73
Bernd_Schattner,60.46
Johannes_Schätzl,1.0
Eugen_Schmidt,147.86
Daniel_Schneider,1.0
Anja_Schulz,229.59
Rainer_Semet,998.46
Konrad_Stockmeier,991.49
Ruppert_Stüwe,775.37
Anja_Troff-Schaffarzyk,1.0
Robin_Wagener,990.98
Carolin_Wagner,1.0
Hannes_Walter,476.84
Tina_Winklmann,954.34
Kay-Uwe_Ziegler,1.0
Nicolas_Zippelius,971.16
Stéphane_Vojetta,788.66
Milada_Voborská,391.84
Petr_Fifka,203.37
Michal_Zuna,270.4
Lubomír_Brož,41.22
Jiří_Havránek,224.06
Martin_Exner,597.59
Barbora_Urbanová,764.66
Romana_Fischerová,1.0
Pavla_Pivoňka_Vaňková,1.0
Zdeněk_Kettner,181.2
Berenika_Peštová,1.0
Lucie_Potůčková,622.86
Martina_Ochodnická,1.0
Pavel_Kašník,214.28
Miroslav_Zborovský,487.23
Marie_Jílková,1.0
Josef_Flek,430.37
Karel_Smetana,707.41
Michael_Kohajda,1.0
Tomáš_Dubský,315.71
Rodrigo_Arenas,252.14
Agnieszka_Brugger,980.63
Rosa_María_Medel_Pérez,1.0
Niels_Annen,895.25
Kai_Gehring,985.43
Rasmus_Jarlov,616.89
Rachel_Kéké,1.0
Sandra_Regol,743.4
Céline_Weber_Koppenburg,489.64
Michael_Theurer,478.33
Clémence_Guetté,199.69
Clara_Bünger,806.97
Emmanuel_Blairy,574.75
Lars-Christian_Brask,244.21
Jarmila_Levko,204.43
Raphaël_Mahaim,698.09
Paulette_Adassa_Hamilton,349.53
Caroline_Parmentier,396.28
Alma_Dufour,375.66
Reinhard_Brandl,946.53
Paul_Midy,808.05
Jürgen_Hardt,986.03
Carsten_Müller,1.0
Stefan_Wenzel,935.38
Florence_Goulet,1.0
Mikkel_Bjørn_Sørensen,155.28
Maria_Gudme,1.0
Estelle_Folest,190.59
Nathalie_Oziol,471.09
Sabrina_Agresti-Roubache,958.96
Nils_Gründer,983.09
François_Piquemal,613.89
Simon_Lightwood,444.31
Alexandre_Berthoud,1.0
Marie_Pochon,239.61
Laure_Lavalette,647.24
Sarah_Legrain,442.16
Charles_Rodwell,958.06
Léo_Walter,1.0
Benjamin_Haddad,999.89
Emmanuel_Pellerin,257.89
Thierry_Frappé,1.0
Frank_Giletti,410.44
Helle_Bonnesen,1.0
Jean-Victor_Castor,1.0
Davy_Rimane,1.0
Steve_Chailloux,1.0
Jiovanny_William,1.0
Johnny_Hajjar,1.0
Frédéric_Maillot,1.0
Emeline_K/Bidi,1.0
Pascale_Bordes,1.0
Alexandre_Portier,1.0
Damien_Maudet,1.0
Florian_Chauche,361.85
Sébastien_Rome,1.0
Marianne_Maximi,333.21
Delphine_Lingemann,707.5
Hendrik_Davi,298.01
Jordan_Guitton,383.88
Matthieu_Marchio,172.09
Anne_Stambach-Terrenoir,546.84
Michaël_Taverne,1.0
Jérôme_Buisson,1.0
Nicolas_Dragon,202.55
José_Beaurain,1.0
Yannick_Monnet,1.0
Jorys_Bovet,271.2
Nicolas_Ray,1.0
Christian_Girard,1.0
Alexandra_Masson,503.07
Bryan_Masson,223.12
Alexandra_Martin,1.0
Frédéric_Falcon,613.91
Jean-François_Rousset,1.0
Julien_Rancoule,1.0
Mélanie_Thomin,588.97
Gisèle_Lelouis,376.85
Sébastien_Delogu,152.65
Romain_Baubry,1.0
Michèle_Martinez,321.94
Carlos_Martens_Bilongo,594.65
Arthur_Delaporte,348.64
Jérémie_Patrier-Leitus,963.1
Caroline_Colombier,633.58
Anne-Laure_Babault,563.77
Christophe_Plassard,932.57
Benoît_Bordat,642.11
Murielle_Lepvraud,1.0
Catherine_Couturier,169.31
Pascale_Martin,171.12
Serge_Muller,1.0
Sandrine_Dogor-Such,1.0
Sébastien_Peytavie,445.07
Anaïs_Sabatini,1.0
Jean-François_Coulomme,282.36
Mathilde_Hignet,1.0
Géraldine_Grangier,468.86
Émilie_Chandler,411.52
Jérôme_Legavre,1.0
Cyrielle_Chatelain,522.49
Hadrien_Clouet,1.0
Jocelyn_Dessigny,1.0
Laurent_Croizier,755.13
Lisette_Pollet,701.61
Christine_Loir,1.0
Katiana_Levavasseur,1.0
Kévin_Mauvieux,1.0
Philippe_Brun,1.0
Christophe_Bex,151.39
Christine_Arrighi,703.58
Perceval_Gaillard,1.0
Andy_Kerbrat,374.96
Jérémie_Iordanoff,599.58
Sylvain_Carrière,452.92
Stéphanie_Galzy,1.0
Aurélien_Lopez-Liguori,284.71
Frédéric_Mathieu,1.0
Justine_Gruet,1.0
Antoine_Vermorel-Marques,1.0
Ségolène_Amiot,660.23
Julie_Laernoes,1.0
Quentin_Bataillon,465.63
Anthony_Brosse,228.43
Thomas_Ménagé,356.78
Andrée_Taurinya,139.53
Annick_Cousin,481.97
Anne-Sophie_Frigout,165.29
Stéphane_Rambaud,574.96
Sabrina_Sebaihi,1.0
Francesca_Pasquini,283.43
Anne_Le_Hénanff,973.52
Lysiane_Métayer,979.81
Alexandre_Loubet,311.34
Charlotte_Leduc,1.0
David_Guiraud,1.0
Violette_Spillebout,984.64
Christine_Decodts,1.0
Pierrick_Berteloot,1.0
Thibaut_François,575.18
Félicie_Gérard,938.5
Victor_Catteau,562.41
Alexandre_Sabatou,534.59
Mikaele_Seo,1.0
Iñaki_Echaniz,1.0
Sylvie_Ferrer,1.0
Benoît_Mournet,368.2
Emmanuel_Fernandes,1.0
Louise_Morel,1.0
Didier_Lemaire,1.0
Marie-Charlotte_Garin,536.53
Sarah_Tanzilli,888.8
Idir_Boumertit,1.0
Louis_Margueritte,805.29
Élise_Leboucher,1.0
Hubert_Ott,788.42
Antoine_Villedieu,497.2
Julie_Delpech,417.93
Ersilia_Soudais,559.6
Maxime_Laisney,351.37
Béatrice_Roullaud,133.58
Yaël_Ménache,223.13
Aurélien_Saintoul,629.66
Karen_Erodi,1.0
Marine_Hamelet,164.54
Bénédicte_Auzanot,203.19
Béatrice_Bellamy,419.89
Manon_Meunier,1.0
Daniel_Grenon,1.0
Nathalie_Da_Conceicao_Carvalho,691.82
Alexis_Izard,372.83
Thomas_Portes,656.26
Soumya_Bourouaha,1.0
Fatiha_Keloua_Hachi,513.01
Lisa_Belluco,356.92
Louis_Boyard,1.0
Mathieu_Lefèvre,966.11
Paul_Vannier,544.46
Arnaud_Le_Gall,738.97
Éléonore_Caroit,340.21
Philippe_Schreck,1.0
Bastien_Marchive,1.0
Freddy_Sertin,742.99
Servane_Hugues,266.61
Fanta_Berete,793.51
Christopher_Weissberg,802.3
Philippe_Guillemard,764.97
Frédéric_Zgainski,962.27
Chantal_Bouloux,1.0
Clara_Chassaniol,928.49
Mathilde_Desjonquères,258.05
Sigurd_Agersnap,321.54
Caroline_Yadan,932.29
Laurence_Heydel_Grillere,1.0
Cornelia_Möhring,677.27
Agnès_Carel,920.2
Laurent_Esquenet-Goxes,979.39
Charlotte_Goetschy-Bolognese,1.0
Juan_Constenla_Carbón,1.0
Daniel_Rinkert,634.98
Anna_Falkenberg,1.0
Kris_Jensen_Skriver,1.0
Kenneth_Fredslund_Petersen,1.0
Sara_Emil_Baaring,1.0
Thomas_Skriver_Jensen,372.78
Rosa_Eriksen,1.0
Charlotte_Bagge_Hansen,1.0
Mike_Villa_Fonseca,202.16
Susie_Jessen,1.0
Sandra_Elisabeth_Skalvig,1.0
Sascha_Faxe,42.01
Fie_Hækkerup,1.0
Matilde_Powers,1.0
Steffen_W._Frølund,466.15
Marianne_Bigum,162.25
Helene_Liliendahl_Brydensholt,11.77
Charlotte_Munch,1.0
Rasmus_Lund-Nielsen,1.0
Maria_Durhuus,1.0
Sólbjørg_Jakobsen,1.0
Betina_Kastbjerg,1.0
Kim_Edberg_Andersen,1.0
Christina_Olumeko,70.3
Alexander_Ryle,70.47
Louise_Brown,1.0
Thomas_Monberg,1.0
Jens_Meilvang,1.0
Tobias_Grotkjær_Elmstrøm,1.0
Nick_Zimmermann,1.0
Mohammad_Rona,181.86
Samantha_Kate_Dixon,324.44
Jonathan_Simmel,1.0
Dan_Jørgensen,715.01
Julio_del_Valle_de_Iscar,1.0
Raquel_Pedraja_Sáinz,1.0
María_Inmaculada_Oria_López,1.0
Julio_Navalpotro_Gómez,1.0
José_Ramón_Ortega_Domínguez,127.14
Diego_Taibo_Monelos,1.0
Onofre_Miralles_Martín,1.0
María_Fernández_Pérez,1.0
Daniela_Ludwig,845.24
Daniela_Schneeberger,1.0
Christian_Lüscher,1.0
Yvette_Estermann,1.0
Lukas_Reimann,1.0
Santiago_Abascal_Conde,1.0
Alfred_Heer,1.0
François_de_Rugy,971.57
Ada_Marra,1.34
Barbara_Pompili,611.15
Jürgen_Trittin,984.63
David_Šimek,729.94
Cédric_Wermuth,630.91
Bastien_Girod,1.0
Kathrin_Bertschy,140.42
Christa_Markwalder,776.1
Thomas_Aeschi,1.0
Vladimír_Balaš,235.69
Matthias_Aebischer,1.0
Cesar_Sanchez_Perez,1.0
Pierre_Morel-A-L'Huissier,1.0
Macarena_Montesinos_de_Miguel,1.0
Susana_Ros,136.25
Vicent_Sarrià_Morell,83.02
Vicente_Betoret_Coll,1.3
Jakob_Engel-Schmidt,108.84
Thomas_Hurter,1.0
Søren_Pape_Poulsen,1.0
Peter_Schilliger,1.0
Detlef_Müller,905.6
Helena_Langšádlová,654.95
Helena_Válková,1.0
Jan_Bauer,1.0
Jan_Bureš,342.9
Jan_Lacina,102.33
Jana_Černochová,762.17
Jaroslav_Foldyna,100.01
Jiří_Carbol,152.16
Josef_Cogan,453.61
Karel_Rais,1.0
Marek_Ženíšek,780.69
Pavel_Staněk,221.4
Radim_Fiala,1.0
Stanislav_Berkovec,1.0
Roger_Nordmann,219.56
Céline_Amaudruz,1.0
Barbara_Gysi,1.0
Martin_Bäumle,583.15
Yvonne_Feri,72.08
Kurt_Fluri,1.0
Belén_Hoyo,1.0
Erich_Hess,1.0
Ida_Glanzmann-Hunkeler,379.89
Dieter_Janecek,857.08
Dietrich_Monstadt,1.0
Carlos_García_Adanero,1.0
Mertxe_Aizpurua,1.0
Sergio_Sayas,1.38
Andreas_Steenberg,223.23
Ane_Halsboe-Jørgensen,609.27
Annette_Lind,1.0
Anni_Matthiesen,487.15
Benny_Engelbrecht,669.5
Bjarne_Laustsen,1.0
Carsten_Kissmeyer,1.0
Christian_Juhl,40.88
Dennis_Flydtkjær,1.0
Ellen_Trane_Nørby,1.0
Erling_Bonnesen,269.81
Fatma_Øktem,1.0
Hans_Andersen,611.2
Hans_Kristian_Skibby,292.2
Henning_Hyllested,1.0
Henrik_Dahl,250.0
Christoph_Meyer,878.14
Jacob_Jensen,475.06
Jakob_Ellemann-Jensen,696.45
Jan_E._Jørgensen,647.53
Jan_Johansen,1.0
Jane_Heitmann,305.98
Jens_Henrik_Thulesen_Dahl,1.0
Jens_Joel,797.86
Jeppe_Bruus_Christensen,452.46
Jeppe_Søe,1.0
Jesper_Petersen,653.41
Jon_Stephensen,1.0
Julie_Skovsby,583.92
Karina_Adsbøl,1.0
Karina_Lorentzen,497.27
Karsten_Hønge,341.14
Kirsten_Normann_Andersen,311.58
Kristian_Pihl_Lorentzen,192.73
Leif_Lahn_Jensen,1.0
Lisbeth_Bech_Poulsen,522.99
Lotte_Rod,1.0
Louise_Schack_Elholm,102.98
Mads_Fuglede,222.56
Magnus_Heunicke,554.93
Mai_Mercado,1.0
Marlene_Harpsøe,1.0
Mattias_Tesfaye,93.38
Mette_Reissmann,1.0
Mogens_Jensen,231.0
Morten_Dahlin,552.81
Ole_Birk_Olesen,1.0
Orla_Hav,1.0
Per_Husted,1.0
Per_Larsen,1.0
Pernille_Skipper,1.0
Peter_Hummelgaard_Thomsen,276.16
Peter_Juel-Jensen,1.0
Peter_Skaarup,1.19
Rasmus_Helveg_Petersen,1.0
Rasmus_Horn_Langhoff,1.0
Rasmus_Prehn,578.45
René_Christensen,1.23
Rosa_Lund,1.0
Rune_Lund,121.3
Simon_Kollerup,203.49
Sofie_Carsten_Nielsen,598.7
Sophie_Løhde,634.38
Søren_Espersen,1.0
Thomas_Jensen,1.0
Trine_Bramsen,1.0
Trine_Pertou_Mach,133.3
Zenia_Stampe,1.0
Liselott_Blixt,1.0
Thomas_Danielsen,633.04
Troels_Ravn,197.86
Ana_Belén_Vázquez,1.96
Celso_Delgado,1.0
Jaime_de_Olano,1.88
Marta_González_Vázquez,1.0
Néstor_Rego,1.0
Tristana_Moraleja,1.43
Michael_Hennrich,1.0
Otto_Fricke,486.33
Dorothee_Martin,945.89
Katharina_Prelicz-Huber,534.31
Martin_Landolt,221.72
Edith_Graf-Litscher,1.0
Thomas_Röwekamp,297.49
Martin_Lidegaard,1.0
Franz_Hörl,1.0
Volker_Wissing,995.22
Elisabeth_Winkelmeier-Becker,930.47
Edgar_Franke,1.0
Cem_Özdemir,984.59
Jean-Louis_Touraine,507.23
Marine_Le_Pen,927.44
Ivan_Bartoš,1.18
Bernard_Perrut,1.0
Yves_Blein,1.0
Manfred_Todtenhausen,848.9
Nicolas_Dupont-Aignan,1.0
Stefan_Müller-Altermatt,614.22
Elisabeth_Schneider-Schneiter,832.79
George_Pau-Langevin,1.0
María_de_los_Llanos_de_Luna_Tobarra,1.0
Morten_Messerschmidt,1.0
Meyer_Habib,267.92
Marian_Jurečka,730.82
Leo_Müller,1.0
Eric_Nussbaumer,858.61
Philipp_Kutter,1.29
Pascal_Kober,256.85
Jan_Bartošek,759.21
Jakub_Michálek,1.0
Ernst_Gödl,1.0
Erwin_Rüddel,961.87
Jacqueline_Badran,1.0
Pavel_Bělobrádek,639.28
Patrick_Schnieder,930.51
Inés_Arrimadas,21.83
José_María_Espejo-Saavedra_Conesa,1.54
Gerhard_Pfister,944.03
Herbert_Kickl,1.0
Felix_Schreiner,878.27
Michelle_Müntefering,817.11
Oscar_Clavell_Lopez,1.0
Juan_Antonio_Callejas_Cano,1.0
Svenja_Schulze,988.41
José_Antonio_Rodríguez_Salas,151.84
José_Luis_Ramos_Rodríguez,1.0
Carmelo_Romero_Hernández,1.0
Alfredo_Sancho_Guardia,1.0
Juan_Diego_Requena_Ruiz,1.54
Maria_Gemma_Araujo_Morales,32.23
Diego_Movellán,1.0
Rafaela_Crespín_Rubio,83.78
María_Dolores_Narváez_Bandera,31.83
Javier_Bas_Corugeira,1.0
José_Losada_Fernández,1.0
Ferran_Bel_Accensi,1.47
Herminio_Rufino_Sancho_Iñiguez,1.0
Petra_Gössi,1.0
Sabine_Dittmar,1.0
Sarah_Ryglewski,457.55
Florian_Hahn,989.21
Florian_Toncar,966.54
Franz_Eßl,191.37
Christos_Pantazis,950.96
Frank_Schwabe,994.19
Martin_Candinas,1.0
François-Michel_Lambert,1.0
Frauke_Heiligenstadt,199.79
Julien_Aubert,89.58
Fritz_Güntzler,1.0
Søren_Gade,1.0
Karel_Tureček,53.14
Martin_Baxa,524.97
Michal_Kučera,1.0
Ondřej_Benešík,846.41
Roger_Köppel,1.0
Gabriel_Obernosterer,1.0
Beatrix_von_Storch,1.0
Dirk_Wiese,1.0
Ulle_Schauws,987.98
Florian_Oßner,550.13
Karamba_Diaby,441.79
Volker_Michael_Ullrich,750.82
Christian_Haase,862.29
Olav_Gutting,701.05
Tino_Sorge,719.37
Stefan_Zierke,140.75
Carmen_Andrés_Añón,1.0
John_Nicolson,683.73
Steffi_Lemke,570.49
Martin_Kupka,292.7
Šimon_Heller,640.32
Stefan_Schwartze,257.74
Reinhold_Lopatka,871.98
Corinna_Rüffer,1.0
Bernd_Westphal,130.94
Gerhard_Deimek,1.0
Gerald_Loacker,496.11
Ulrike_Bahr,1.0
Jaroslav_Faltýnek,1.0
Margita_Balaštíková,1.0
Markéta_Pekarová_Adamová,618.47
Nina_Nováková,1.0
Radek_Vondráček,1.0
Vít_Kaňkovský,1.0
Věra_Kovářová,172.18
Gero_Clemens_Hocker,664.31
Gero_Storjohann,468.3
Jaroslava_Pokorná_Jermanová,224.08
Jan_Volný,1.0
Ladislav_Okleštěk,1.0
David_Kasal,1.0
Martin_Kolovratník,573.75
Jana_Pastuchová,1.0
Roman_Kubíček,1.0
Jan_Metzler,1.0
Harald_Ebner,865.8
Lars_Castellucci,858.95
Bernhard_Daldrup,532.76
Thomas_Sattelberger,610.4
Daniela_De_Ridder,1.0
Charles_de_la_Verpillière,266.16
Diane_Abbott,1.0
Manuela_Weichelt-Picard,251.29
Marie-Agnes_Strack-Zimmermann,986.94
Michael_Kellner,952.5
Thomas_Hitschler,473.25
Dagmar_Schmidt,790.9
Irene_Mihalic,986.9
Martin_Rosemann,990.63
Katja_Leikert,985.64
Johannes_Fechner,1.0
Jana_Schimke,753.28
Cansel_Kızıltepe,494.75
Alois_Rainer,1.0
Sebastian_Hartmann,807.71
Andreas_Schwarz,693.91
Friedrich_Ofenauer,1.0
Katja_Hessel,987.91
Michael_Bernhard,539.14
Philipp_Schrangl,1.0
Yasmin_Fahimi,1.0
Günter_Krings,401.1
Cornelia_Ecker,148.43
Silke_Launert,1.0
Andrea_Lindholz,841.66
Nina_Warken,604.21
Tabea_Rößner,569.84
Yvonne_Magwas,975.95
Mahmut_Özdemir,1.0
Michael_Frieser,811.38
Albert_Stegemann,148.75
Alexander_Hoffmann,1.0
Andreas_Hanger,1.0
Andreas_Kollross,1.0
Andreas_Lenz,828.34
Andreas_Rimkus,571.68
Anja_Karliczek,988.95
Beate_Meinl-Reisinger,855.73
Hans_Christian_Schmidt,1.0
Bernd_Rützel,1.0
Carsten_Körber,823.26
Carsten_Träger,1.0
Christian_Petry,1.0
Katharina_Dröge,993.46
Matthias_Gastel,961.79
Daniel_Föst,988.3
Julia_Verlinden,889.9
Diana_Gutjahr,1.0
Dirk_Vöpel,1.0
Elisabeth_Pfurtscheller,1.0
Eva_Blimlinger,1.0
Fabio_Regazzi,1.0
Flavia_Wasserfallen,344.36
Frank_Junge,1.0
Friedhelm_Boginski,658.64
Gabriele_Katzmarek,409.25
Saskia_Esken,89.9
Uli_Grötsch,1.0
Udo_Schiefner,1.0
Susanne_Mittag,1.0
Svenja_Stadler,730.37
Sabine_Poschmann,1.0
Rita_Hagl-Kehl,1.0
Michael_Thews,299.2
Martina_Stamm-Fibich,623.82
Johann_Saathoff,245.39
Jens_Zimmermann,1.0
Wolfgang_Stefinger,982.4
Wilfried_Oellers,1.0
Uwe_Feiler,1.0
Matthias_Hauer,989.21
Markus_Koob,1.0
Mark_Helfrich,1.0
Kai_Whittaker,984.35
Johannes_Steiniger,989.6
Hansjörg_Durz,512.7
Hagen_Reinhold,989.44
Hannes_Amesbauer,1.0
Katharina_Kucharowits,1.0
Hans_Stefan_Hintner,1.0
Marco_Romano,1.0
Tessa_Ganserer,399.19
Philip_Kucher,1.0
Ralph_Edelhäußer,1.0
Stefan_Heck,388.88
Martin_Major,1.0
Heike_Brehmer,1.0
Jan_Skopeček,170.33
Jan_Korte,604.2
Heinz_Siegenthaler,772.97
Helge_Braun,216.16
Helmut_Brandstätter,892.46
Helmut_Kleebank,506.94
Henning_Rehbaum,568.18
Ursula_Schneider_Schüttel,444.89
Fabian_Molina,686.9
Martina_Munz,1.0
Lucy_Allan,870.83
Sigrid_Maurer,243.0
Mike_Kane,1.0
Emma_Lewell-Buck,368.83
Nigel_Huddleston,980.54
Konstantin_Kuhle,989.35
Kai_Jan_Krainer,1.0
Tom_Pursglove,892.22
Holger_Mann,941.15
Cayetana_Álvarez_de_Toledo,1.0
Hubert_Hüppe,713.8
Anne-Christine_Lang,924.09
Stephan_Mayer,659.83
Steffen_Bilger,988.67
Marek_Benda,1.0
Sönke_Rix,729.23
Danny_Kruger,552.92
Anneliese_Dodds,756.05
Jacques_Krabal,411.95
Ingmar_Jung,1.0
Ingo_Gädechens,504.09
Ingrid_Nestle,338.22
Hubert_Julien-Laferrière,993.48
Marie-Agnès_Poussier-Winsback,772.87
Philippe_Nantermod,241.82
Pierre-Yves_Bournazel,965.33
William_Martinet,429.17
Alexander_Gauland,1.0
Will_Quince,973.61
Ivo_Vondrák,1.0
Wolfgang_Hellmich,247.63
Nurten_Yılmaz,254.63
Jamie_Stone,1.0
Janine_Wissler,770.91
Joachim_Wundrak,100.75
Reinhold_Einwallner,1.0
Johann_Wadephul,991.06
Chris_Philp,774.89
Andrew_Lewer,217.11
John_Lamont,988.7
Joan_Ruiz_i_Carbonell,1.0
Íñigo_Errejón,1.0
Richard_Brabec,1.0
Josef_Muchitsch,1.0
Karin_Smyth,563.6
Linda_Teuteberg,169.45
Konstantin_von_Notz,972.35
Judith_Skudelny,989.14
Kim_Valentin,389.2
Joëlle_Mélin,1.0
Jürgen_Lenders,969.03
4X4,1.0
Robert_Jenrick,951.01
Christophe_Castaner,988.2
Victor_Perli,1.0
Karl_Bär,396.45
Jim_McMahon,474.74
Stéphane_Claireaux,1.0
Karlheinz_Busen,1.0
Max_Lercher,1.0
Karsten_Klein,983.69
Joël_Aviragnet,409.48
Maina_Sage,465.74
Sepp_Schellhorn,240.04
Kathrin_Henneberger,977.02
Kathrin_Vogler,919.0
Katja_Keul,961.68
Katja_Mast,979.31
Kirsten_Kappert-Gonther,957.61
Klaus_Fürlinger,1.0
Klaus_Köchl,1.0
Petra_Sitte,580.33
Éric_Coquerel,653.39
Sibylle_Hamann,1.0
Susana_Sumelzo_Jordán,268.34
Christian_Rabjerg_Madsen,536.88
Felix_Banaszak,826.51
Ralph_Lenkert,371.65
Adriana_Lastra,1.0
Laurent_Jacobelli,335.37
Michael_Grosse-Brömer,982.28
Marc_Jongen,11.21
Kordula_Schulz-Asche,987.28
Linda_Heitmann,605.0
Hans-Peter_Portmann,1.0
Boris_Johnson,994.19
Lars_Klingbeil,938.06
Lars_Lindemann,978.51
Nik_Gugger,1.23
Angela_Rayner,559.6
Paul_Ziemiak,981.22
Mette_Abildgaard,616.28
Stephan_Brandner,51.69
Leni_Breymaier,101.55
Simona_Koß,413.81
Lars_Løkke_Rasmussen,182.07
Lilian_Studer,616.14
Lisa_Paus,985.69
Patrik_Nacher,293.31
Valérie_Piller_Carrard,1.0
Éric_Ciotti,251.57
Nina_Tomaselli,1.0
Sibel_Arslan,1.0
Jacob_Mark,1.0
Luise_Amtsberg,963.21
Manfred_Grund,1.0
Pavla_Golasowská,1.0
Manuel_Höferlin,729.84
Ian_Blackford,890.33
Marco_Buschmann,986.6
Maria_Klein-Schmeink,990.79
Marianne_Schieder,1.0
Mario_Czaja,990.14
Markus_Grübel,976.89
Markus_Kurth,219.95
Markus_Töns,1.0
Martina_Renner,715.13
Chris_Stephens,538.34
Matthias_Birkwald,1.0
Mechthild_Heil,206.78
Metin_Hakverdi,565.34
Michael_Aastrup_Jensen,442.4
Michael_Gerdes,1.0
Douglas_Hoyos,511.72
Julia_Herr,1.0
Michael_Roth,989.4
Ronja_Kemmer,985.48
Joan_Mena_i_Arca,1.0
Pilar_Vallugera,1.0
Michel_Reimon,681.61
Mike_Egger,1.0
Bernd_Baumann,1.0
Michael_Kruse,985.93
Jon_Pult,791.06
Irène_Kälin,858.94
Mustafa_Atici,1.0
Petr_Beitl,400.95
Bruno_Bilde,194.05
Françoise_Dumas,988.03
Rafael_Mayoral,1.0
Sergi_Miquel_Valentí,1.0
Elvira_Ramón,42.91
Felipe_Sicilia,75.53
José_Zaragoza_Alonso,1.0
Angelika_Glöckner,1.0
Marcel_Dobler,1.0
Nico_Tippelt,973.74
Mhairi_Black,1.0
Alan_Mak,1.0
Kirsty_Blackman,1.0
Liz_Saville_Roberts,379.49
Nicole_Gohlke,643.86
Caroline_Ansell,1.0
Ranil_Jayawardena,689.07
Deidre_Brock,526.68
Richard_Burgon,1.0
Ruth_Cadbury,353.53
Lisa_Cameron,1.0
Catherine_West,772.32
Jo_Churchill,865.24
Michelle_Donelan,982.51
Flick_Drummond,1.0
Kevin_Foster,993.01
Marcus_Fysh,246.78
Helen_Hayes,360.22
Kate_Hollern,1.0
Philippa_Whitford,754.7
Andrea_Jenkyns,866.64
Kirsten_Oswald,786.43
Chris_Law,850.74
Carol_Monaghan,1.0
Brendan_O'Hara,499.85
Tommy_Sheppard,1.0
Marion_Fellows,643.75
Hannah_Bardell,459.65
John_McNally,1.0
Peter_Grant,877.69
Alison_Thewliss,853.43
Naz_Shah,236.89
Thangam_Debbonaire,270.07
Douglas_Chapman,172.32
Joanna_Cherry,605.21
Ronnie_Cowan,388.91
Angela_Crawley,1.0
Martyn_Day,1.0
Martin_Docherty-Hughes,918.04
Margaret_Ferrier,1.0
Patricia_Gibson,179.55
Patrick_Grady,685.68
Gavin_Newlands,747.57
Owen_Thompson,840.71
Stuart_McDonald,736.68
Alan_Brown,557.63
Nikolaus_Scherak,738.5
Wendy_Morton,988.21
Cat_Smith,100.33
Gerardo_Pisarello,1.0
Sten_Knuth,114.36
James_Cartlidge,831.05
Maria_Caulfield,916.69
Alex_Chalk,1.0
Alberto_Costa,931.92
Neil_Coyle,488.13
Judith_Cummins,373.1
James_Davies,206.63
Mims_Davies,985.74
Steve_Double,1.0
Peter_Dowd,1.0
Oliver_Dowden,981.8
Suella_Braverman,642.1
Vicky_Foxcroft,100.7
Lucy_Frazer,558.93
Nus_Ghani,931.52
Chris_Green,577.61
Margaret_Greenwood,1.0
Louise_Haigh,766.0
Luke_Hall,206.83
Carolyn_Harris,736.18
James_Heappey,991.4
Simon_Hoare,931.76
Kevin_Hollinrake,212.08
Imran_Hussain,319.34
Hervé_Saulignac,1.0
Norbert_Altenkamp,1.0
Norbert_Hofer,1.0
Rebecca_Long-Bailey,1.0
Jess_Phillips,1.0
Luis_Santamaría_Ruiz,1.0
Stewart_McDonald,973.99
Élisabeth_Borne,987.29
Kate_Osamor,1.0
Victoria_Prentis,975.78
Rishi_Sunak,983.97
Kelly_Tolhurst,435.27
Nicole_Sanquer,1.0
Peter_Kyle,477.83
Clive_Lewis,120.02
Holly_Lynch,662.92
Rachael_Maskell,745.04
Johnny_Mercer,919.92
Jo_Stevens,923.24
Daniel_Zeichner,1.0
Jaume_Asens_Llodrà,1.0
Lea_Wermelin,569.92
Kaare_Dybvad_Bek,680.86
Derek_Thomas,1.0
Trine_Torp,291.81
Carsten_Bach,1.0
Søren_Egge_Rasmussen,30.76
Susanne_Eilersen,1.0
Peter_Kofod_Poulsen,1.0
Lise_Bech,61.17
Eva_Flyvholm,1.0
Jakob_Sølvhøj,1.0
Pelle_Dragsted,219.12
Min_Li_Marti,1.25
Huw_Merriman,219.2
Craig_Tracey,188.08
Britt_Bager,495.41
Rasmus_Nordqvist,646.23
Torsten_Gejl,164.41
Aaja_Chemnitz_Larsen,1.0
Marcus_Knuth,1.0
Oliver_Kaczmarek,1.0
Matthew_Pennycook,509.84
Oliver_Luksic,980.87
Olivier_Dussopt,882.36
Guillermo_Meijón,22.09
Paul_Lehrieder,1.0
Claire_Hanna,1.0
Albrecht_Glaser,1.0
Gerald_Jones,720.55
Julian_Knight,219.13
Justin_Madders,292.68
Scott_Mann,476.62
Paul_Scully,269.7
Maggie_Throup,1.0
Rebecca_Pow,903.42
Michael_Tomlinson,307.26
Craig_Williams,920.82
Anne-Marie_Trevelyan,988.15
Mike_Wood,1.0
Christina_Rees,1.0
Jeff_Smith,476.89
Royston_Smith,198.07
Tom_Tugendhat,884.85
Amanda_Solloway,560.67
Marie_Rimmer,1.0
Matt_Warman,1.0
Mary_Robinson,1.0
Nick_Thomas-Symonds,926.54
Amanda_Milling,773.51
Benjamin_Fischer,1.0
William_Wragg,71.32
Peter_Aumer,1.0
Peter_Beyer,975.59
Helen_Whately,760.76
Mario_Lindner,1.25
Petr_Gazdík,584.05
Petra_Bayr,379.48
Danielle_Simonnet,1.0
Gabriel_Rufián,1.0
Sofia_Hernanz_Costa,71.44
Miquel_Àngel_Jerez_Juan,1.92
Marine_Brenier,542.81
Agustín_Almodóbar_Barceló,1.54
Patricia_Blanquer_Alcaraz,1.0
Isabel_Borrego_Cortés,1.0
Sandrine_Rousseau,288.15
Marianne_Binder-Keller,875.29
Priska_Wismer-Felder,170.7
Albert_Botran,1.25
Laura_Berja,52.19
Bérengère_Poletti,1.0
Mauro_Tuena,1.0
Barbara_Steinemann,1.0
Thomas_Burgherr,1.0
Alex_Vanopslagh,348.41
Christian_Imark,1.0
Franz_Grüter,1.0
Jamila_Schäfer,987.65
Sofía_Castañón,1.0
Jean-Luc_Addor,1.0
Michaël_Buffat,1.0
Sébastien_Chenu,714.66
Laurent_Wehrli,1.0
Ralph_Brinkhaus,1.0
Rosa_Ecker,1.0
Xavier_Eritja_i_Ciuró,1.0
Jordi_Salvador_i_Duch,1.0
Rita_Schwarzelühr-Sutter,664.15
Pedro_Requejo_Novoa,1.0
Stefan_Kaineder,1.0
Kemi_Badenoch,753.76
Alexandre_Vincendet,1.0
Ed_Miliband,379.24
Ewa_Ernst-Dziedzic,867.28
Matthias_Jauslin,387.39
Laurence_Fehlmann_Rielle,1.0
Irene_Montero,1.0
Joan_Margall_Sastre,1.0
Antón_Gómez-Reino,1.23
Vít_Rakušan,802.57
Mireia_Vehí_i_Cantenys,1.15
Josef_Bernard,1.0
Gloria_Elizo,1.0
Kasper_Sand_Kjær,272.26
María_del_Mar_García_Puig,1.0
Aina_Vidal_Sáez,1.0
Tomio_Okamura,1.0
Cuca_Gamarra,2.34
Joan_Capdevila_i_Esteve,1.0
Lidia_Guinart,263.87
Marc_Lamuà_Estañol,1.0
Míriam_Nogueras_i_Camero,1.0
Mercè_Perea,207.07
Jiří_Hájek,1.0
Michèle_Tabarot,219.35
Philippe_Naillet,300.33
Laurence_Dumont,1.0
Serap_Güler,985.36
Sergio_Gutiérrez_Prieto,32.65
Kasper_Roug,824.87
Txema_Guijarro_García,1.0
Alicia_García_Rodríguez,2.45
Lukáš_Vlček,670.24
Daniel_Viondi,1.0
Julius_Špičák,1.0
Priska_Seiler_Graf,492.55
Mattea_Meyer,288.76
Regine_Sauter,1.0
Angelo_Barrile,1.0
David_Stögmüller,576.0
Stefan_Gelbhaar,289.05
Stefan_Müller,993.21
Julien_Dive,496.36
Vincent_Ledoux,845.17
Harriet_Harman,1.0
Stephan_Thomae,985.48
Christina_Baum,38.81
Robert_Farle,279.83
Jan_Wenzel_Schmidt,345.1
Jana_Mračková_Vildumetzová,50.67
Susanne_Hennig,644.7
Sven-Christian_Kindler,988.4
Sven_Lehmann,993.09
Sylvia_Lehmann,1.0
Lars_Aslan_Rasmussen,601.45
Jérôme_Lambert,1.0
Didier_Quentin,1.0
Pavel_Klíma,119.97
Anne_Paulin,441.7
Gill_Furniss,348.47
Douglas_Ross,819.68
Pere_Joan_Pons,418.77
Carla_Lockhart,1.35
Chris_Elmore,987.8
Florence_Eshalomi,1.0
Thomas_Drozda,417.71
Christine_Pirès-Beaune,618.61
Annie_Genevard,317.33
Thomas_Gebhart,392.45
Thomas_Hacker,984.43
Thomas_Heilmann,604.15
Thomas_Lutze,1.0
Petr_Bystron,556.71
Thomas_Rachel,989.89
Thomas_Silberhorn,991.72
Thorsten_Frei,299.87
Pernille_Vermund,365.78
Tiana_Angelina_Moser,634.11
Till_Steffen,982.66
Timon_Gremmels,872.99
Tobias_Lindner,986.97
Torsten_Herbst,980.56
Philippe_Pradal,711.89
Ione_Belarra,1.0
Markus_Frohnmaier,1.0
Juan_Antonio_Delgado_Ramos,1.0
Rosena_Allin-Khan,429.93
Nicolas_Walder,737.4
Tamara_Funiciello,1.0
Ulrich_Lange,956.63
Nicolas_Sansu,1.0
Laurent_Marcangeli,956.21
Volkmar_Klein,1.0
Werner_Kogler,912.13
Debbie_Abrahams,876.92
Nigel_Adams,909.57
Adam_Afriyie,591.54
Nadine_Dorries,989.96
Peter_Aldous,203.83
Wolfgang_Gerstl,439.67
Jürgen_Coße,579.01
Wolfgang_Sobotka,1.0
Wolfgang_Strengmann-Kuhn,982.53
Nadhim_Zahawi,986.72
Rushanara_Ali,213.76
Klára_Dostálová,71.78
Stuart_Andrew,1.0
Jonathan_Ashworth,592.99
Steve_Baker,961.51
Harriett_Baldwin,980.8
Stephen_Barclay,991.31
Carmen_Calvo_Poyato,1.0
César_Ramos_Esteban,44.24
Pete_Wishart,381.38
Sammy_Wilson,1.4
Klaus_Ernst,478.2
Benjamin_Lucas,855.0
Gavin_Williamson,1.0
Charles_Walker,1.0
Leif-Erik_Holm,1.0
Hilary_Benn,550.49
Robin_Walker,961.12
Ben_Wallace,986.87
Jake_Berry,169.19
Bob_Blackman,804.12
Paul_Blomfield,500.13
Crispin_Blunt,237.61
Alexander_Throm,447.31
Heather_Wheeler,646.5
Peter_Bone,673.17
Peter_Bottomley,1.0
Karen_Bradley,747.49
Alan_Whitehead,1.0
Ben_Bradshaw,931.12
Craig_Whittaker,792.9
John_Whittingdale,156.76
Aline_Trede,762.97
Theresa_May,1.0
Kevin_Brennan,696.16
Andrew_Bridgen,752.07
Steve_Brine,1.0
Lyn_Brown,925.0
Bill_Wiggin,1.0
Fiona_Bruce,167.57
Chris_Bryant,971.71
Hywel_Williams,415.4
Karen_Buck,160.63
Martin_Vickers,1.0
Valerie_Vaz,339.12
Jiří_Strýček,1.0
Shailesh_Vara,376.4
Enrico_Komning,1.0
Yasmin_Qureshi,364.73
Alun_Cairns,1.0
Óscar_Gamazo_Micó,1.0
Alan_Campbell,298.49
Gregory_Campbell,1.0
Dominic_Raab,679.35
Alistair_Carmichael,1.0
Bill_Cash,1.0
Liam_Byrne,844.09
Robert_Buckland,942.9
Conor_Burns,453.41
Fabian_Gramling,985.94
María_del_Carmen_Navarro_Lacoba,62.83
Rehman_Chishti,685.32
Christopher_Chope,1.0
Greg_Clark,520.34
Derek_Twigg,1.0
Karl_Turner,907.17
Liz_Truss,991.79
Jon_Trickett,151.99
Justin_Tomlinson,348.54
Edward_Timpson,732.18
Stephen_Timms,230.03
Emily_Thornberry,1.0
Gareth_Thomas,861.02
Mark_Tami,1.0
Stephen_Metcalfe,168.75
Pia_Kjærsgaard,1.0
Joan_Baldoví_i_Roda,1.0
Éric_Alauzet,1.0
Ruth_Humbel,1.0
Robert_Courts,983.8
Zaida_Cantera_de_Castro,1.0
Carolina_España_Reina,1.0
Ángel_Luis_González_Muñoz,1.0
José_Alberto_Herrero_Bono,1.0
Eloy_Suárez,1.34
Isidro_Manuel_Martínez_Oblanca,1.0
Guillermo_Mariscal_Anaya,1.0
Ana_María_Zurita_Expósito,1.0
Mikel_Legarda_Uriarte,1.0
Íñigo_Barandiaran_Benito,1.0
María_del_Carmen_González_Guinda,1.0
Miguel_Ángel_Paniagua_Núñez,1.0
María_Jesús_Moro_Almaraz,1.0
Jesús_Postigo_Quintana,1.0
Teodoro_García_Egea,1.0
Víctor_Valentín_Píriz_Maya,1.51
Miguel_Ángel_Bustamante_Martín,1.0
Sonia_Ferrer_Tesoro,1.0
Isabel_Franco,1.0
Guillermo_Díaz_Gómez,1.0
Miguel_Ángel_Gutiérrez_Vivas,120.86
María_Tamara_Raya_Rodríguez,143.44
Esther_Peña_Camarero,1.0
Maria_Luz_Martínez_Seijo,1.0
Marcus_Faber,984.47
Sandra_Detzer,983.97
Meri_Pita,1.0
Nina_Scheer,1.0
Rafa_Lomana,1.0
Gottfried_Curio,1.0
Sarah_Olney,116.44
Alice_Weidel,576.58
Caroline_Johnson,396.2
Roland_Fischer,759.4
Javier_Antón_Cacho,1.0
David_Serrada_Pariente,1.0
Javier_Sánchez_Serna,1.5
José_Ortiz_Galván,2.3
Idoia_Sagastizabal_Unzetabarrenetxea,1.0
Begoña_Nasarre_Oliva,87.37
Mounir_Mahjoubi,296.59
Laurence_Vichnievsky,778.04
Knut_Gerschau,453.3
Alain_Tourret,1.0
Alexis_Corbière,514.4
Raquel_Garrido,521.0
André_Villiers,1.0
Joris_Hébrard,112.22
Jérôme_Nury,1.0
María_Carmen_Riolobos_Regadera,1.85
Orla_Østerby,1.0
Florent_Boudié,757.44
Thomas_Cazenave,428.51
Aurélie_Trouvé,1.0
Aymeric_Caron,1.0
Karel_Sládeček,1.0
Peter_Seier_Christensen,1.0
Ondřej_Kolář,558.12
Juan_Carlos_Campo_Moreno,1.0
Luis_Carlos_Sahuquillo,1.0
Trudy_Harrison,436.8
Juan_Luis_Soto_Burillo,196.66
Éric_Woerth,728.96
Josef_Bělica,1.0
Monika_Oborná,1.0
Pilar_Garrido_Gutiérrez,1.0
Tomás_Cabezón_Casas,1.31
Jon_Iñarritu_García,1.26
Diego_Gago,1.51
Pamela_Rendi-Wagner,459.69
Alexandra_Louis,941.45
Alejandro_Soler_Mur,1.0
Benjamin_Saint-Huile,1.0
Sophia_Chikirou,121.95
Bertrand_Pancher,120.98
Boris_Vallaud,796.86
Natalie_Pawlik,1.0
Karin_Doppelbauer,1.0
Thérèse_Coffey,919.1
Yvette_Cooper,951.71
Jeremy_Corbyn,369.17
Geoffrey_Cox,287.97
Delphine_Batho,771.52
Stephen_Crabb,784.21
Stella_Creasy,327.77
Tracey_Crouch,581.28
Jon_Cruddas,1.0
John_Cryer,1.0
Alex_Cunningham,988.85
Benjamin_Griveaux,428.56
Brigitte_Klintskov_Jerkel,1.0
Malte_Larsen,1.0
Peder_Hvelplund,41.7
Brigitte_Bourguignon,951.52
Brigitte_Kuster,336.4
Bruno_Bonnell,1.0
Bruno_Joncour,276.04
Hayato_Okamura,768.83
Christian_Drobits,1.0
Steffen_Larsen,1.0
Aurore_Bergé,985.97
Manuel_Bompard,642.21
Faika_El-Nagashi,197.73
Charles_de_Courson,1.0
Marc_Ferracci,849.29
Christian_Hutin,1.0
Ed_Davey,181.2
Wayne_David,928.83
David_Davies,704.0
Geraint_Davies,1.0
Claude_de_Ganay,1.0
Éric_Bothorel,993.03
Simon_Stadler,915.58
Clémentine_Autain,645.76
Ana_Beltrán,1.0
Emmanuelle_Ménard,574.33
Martin_Renner,329.47
Karel_Krejza,1.0
Stanislav_Blaha,611.92
Alena_Schillerová,102.92
Roger_Beckamp,357.94
Philip_Davies,1.0
David_Davis,173.15
Caroline_Dinenage,902.33
Jonathan_Djanogly,722.27
Axel_Melchior,1.0
Andri_Silberschmidt,205.51
Jeffrey_Donaldson,1.9
Taťána_Malá,1.0
Henrik_Frandsen,1.0
Cécile_Untermaier,481.23
Romain_Grau,531.5
Vlastimil_Válek,536.44
Samuel_Bendahan,1.28
Roland_Lescure,986.3
Danièle_Hérin,907.35
Marsha_de_Cordova,538.0
Anna_McMorrin,681.92
Wera_Hobhouse,1.0
Matt_Western,767.18
Rosie_Duffield,683.05
Stephanie_Peacock,552.27
Christine_Jardine,10.63
Alex_Sobel,976.61
Luke_Pollard,967.83
Matt_Rodda,523.28
Lloyd_Russell-Moyle,181.23
Bambos_Charalambous,549.35
Lee_Rowley,240.1
Jack_Brereton,1.0
Tonia_Antoniazzi,808.05
Liz_Twist,1.0
Tanmanjeet_Singh_Dhesi,638.06
Ben_Lake,69.16
Preet_Gill,953.27
Darren_Jones,1.0
Bim_Afolami,1.0
Julia_Lopez,238.38
David_Duguid,948.38
Stephen_Morgan,347.34
Sarah_Jones,665.33
David_Habib,1.0
Marek_Výborný,827.18
Jackie_Doyle-Price,602.5
Hervé_Berville,600.96
Mike_Amesbury,547.11
Ben_Bradley,1.0
Layla_Moran,374.59
David_Linden,673.32
Jack_Dromey,1.0
Andrew_Bowie,991.37
Dan_Carden,216.67
Simon_Clarke,982.17
Laurence_Gayte,1.0
Sébastien_Cazenove,1.0
James_Duddridge,724.54
Gillian_Keegan,817.58
Alex_Burghart,889.63
Ellie_Reeves,619.88
Rachel_Maclean,943.41
Emma_Hardy,822.92
Alex_Norris,573.48
Leo_Docherty,815.71
Mohammad_Yasin,1.0
Bob_Seely,914.02
Eddie_Hughes,950.48
Sylvain_Maillard,991.43
Iain_Duncan_Smith,836.93
Philip_Dunne,1.0
Angela_Eagle,558.87
Michaela_Opltová,354.04
Maria_Eagle,316.39
Dino_Cinieri,590.47
Clive_Efford,303.6
Julie_Elliott,1.0
Michael_Ellis,171.55
Tobias_Ellwood,566.01
Lénaïck_Adam,136.45
Rémy_Rebeyrotte,1.0
Valérie_Bazin-Malgras,524.78
Olga_Givernet,803.12
Philippe_Chalumeau,1.0
Pierre_Dharréville,1.0
Mustapha_Laabid,1.0
Laurence_Maillart-Méhaignerie,804.71
Jean-Hugues_Ratenon,1.0
Jean-Marc_Zulesi,987.53
Nathalie_Bassire,1.0
Anne-Laurence_Petel,991.16
Mohamed_Laqhila,953.25
Monica_Michel,138.07
Nadia_Ramassamy,1.0
Saïd_Ahamada,631.34
David_Lorion,1.0
Cathy_Racon-Bouzon,968.21
Laurence_Vanceunebrock-Mialon,1.0
Claire_Pitollat,468.87
Catherine_Fabre,634.32
Cécile_Muschotti,403.98
Danièle_Obono,459.84
Daniel_Labaronne,794.31
Fabienne_Colboc,880.64
Sabine_Thillaye,973.42
Christophe_Arend,974.18
Jennifer_de_Temmerman,705.56
Marie_Lebec,981.12
Valérie_Thomas,979.02
Frédéric_Petit,993.39
Raphaël_Schellenberger,1.0
Laurianne_Rossi,948.93
Valérie_Oppelt,982.9
Anne-France_Brunet,650.48
Huguette_Tiegna,962.41
Stéphane_Trompille,414.84
Grégory_Besson-Moreau,590.42
Anne_Brugnera,932.52
Typhanie_Degois,1.0
Blandine_Brocard,987.68
Jacques_Maire,980.86
Caroline_Abadie,676.56
Jean-Michel_Jacques,955.2
Ramlati_Ali,1.0
Aude_Bono-Vandorme,1.0
Barbara_Bessot-Ballot,856.87
Marc_Delatte,445.46
Catherine_Osson,670.16
Bénédicte_Peyrol,409.6
Delphine_Bagarry,641.22
Jean-Noël_Barrot,950.9
Pascale_Boyer,1.0
Loïc_Dombreval,1.0
Cédric_Roussel,561.86
Alexandra_Valetta_Ardisson,716.87
Pierre_Cordier,514.19
Loïc_Kervran,962.93
Éric_Pauget,549.85
Laurence_Trastour-Isnart,1.0
Fabrice_Brun,1.0
Damien_Adam,159.89
Aude_Amadou,248.27
Patrice_Anato,921.78
Bénédicte_Taurine,1.0
Jacques_Marilossian,794.57
Frédérique_Meunier,1.0
Jean-Luc_Fugit,599.93
Yolaine_de_Courson,178.49
Célia_de_Lavergne,406.37
Anne_Genetet,986.84
Stéphanie_Rist,862.82
Loïc_Prud’homme,474.77
Annaïg_Le_Meur,715.06
Sandrine_Le_Feur,200.65
Graziella_Melchior,839.09
Liliane_Tanguy,1.0
Michel_Larive,185.63
Alain_Perea,1.0
Martine_Wonner,98.96
Sébastien_Leclerc,1.0
Jean-Pierre_Cubertafon,875.96
Jean-Félix_Acquaviva,1.0
Gabriel_Attal,426.96
Lætitia_Avia,976.1
Didier_Baichère,890.28
Géraldine_Bannier,762.74
Bruno_Millienne,438.49
Sophie_Beaudouin-Hubière,932.08
Valérie_Beauvais,1.0
Ugo_Bernalicis,508.78
Monique_Limon,984.88
Brigitte_Liso,923.33
Anne-Laure_Cattelot,880.67
Élodie_Jacquier-Laforge,980.77
Annie_Vidal,940.85
Thierry_Michels,695.68
Anne_Blanc,1.0
Philippe_Bolo,526.2
Émilie_Bonnivard,1.0
Yaël_Braun-Pivet,989.2
Sylvain_Waserman,829.19
Caroline_Janvier,910.03
Michèle_Crouzet,127.25
Carole_Bureau-Bonnard,952.75
Ian_Boucard,1.0
Emmanuelle_Anthoine,1.0
Cyrille_Isaac-Sibille,973.72
Élisabeth_Toutut-Picard,370.56
Corinne_Vignon,408.82
Pieyre-Alexandre_Anglade,992.59
Christophe_Lejeune,325.56
Marie-Christine_Verdier-Jouclas,555.57
Pascal_Bois,350.79
Thibault_Bazin,423.39
Fabien_Matras,1.0
Émilie_Guerel,562.65
Anissa_Khedher,756.22
Danielle_Brulebois,179.0
Stéphane_Buchou,662.22
Lionel_Causse,347.01
Michel_Castellani,21.14
Émilie_Cariou,635.04
Céline_Calvez,986.07
Justine_Benin,1.0
Frédéric_Descrozaille,477.7
Paul-André_Colombani,1.0
Isabelle_Valentin,1.0
Hélène_Zannier,745.22
Natalia_Pouzyreff,984.23
Josy_Poueyto,892.0
Sandrine_Josso,969.71
Patrice_Perrot,1.0
Stanislas_Guerini,987.02
Mathilde_Panot,727.15
Jean-François_Parigi,1.0
Nadia_Hai,747.28
Guillaume_Vuilletet,946.67
Christophe_Jerretie,1.0
Jean-Charles_Larsonneur,991.3
Valérie_Petit,977.14
Sarah_El_Haïry,980.5
Benoît_Potterie,267.13
Alexandre_Holroyd,991.68
Gaël_Le_Bohec,972.89
Pascale_Fontenel-Personne,711.63
Florian_Bachelier,590.22
Sandrine_Mörch,340.96
Damien_Pichereau,1.0
Christine_Cloarec,889.28
Amal-Amélia_Lakrafi,964.17
Jean-Philippe_Ardouin,873.69
Bill_Esterson,821.65
Paula_Forteza,327.74
Mireille_Robert,639.35
Christine_Hennion,939.36
Vincent_Thiébaut,1.0
Erwan_Balanant,856.63
Xavier_Batut,504.87
Olivier_Becht,1.0
Belkhir_Belhaddad,266.68
Christophe_Blanchet,1.0
Sylvie_Charrière,524.79
Fabrice_Le_Vigoureux,1.0
Thomas_Mesnier,798.38
Bertrand_Bouyx,978.7
Frédérique_Tuffnell,1.0
Sandra_Marsaud,605.15
François_Cormier-Bouligeon,979.54
Raphaël_Gérard,676.3
Nadia_Essayan,936.34
Jean-Jacques_Ferrara,1.0
Julien_Borowczyk,157.88
Valéria_Faure-Muntian,987.83
Elsa_Faucillon,1.0
Caroline_Fiat,277.25
Jean-Marie_Fiévet,979.05
Didier_Paris,879.57
Agnès_Firmin-Le_Bodo,864.88
Fadila_Khattabi,1.0
Didier_Martin,769.79
Isabelle_Florennes,958.21
Olivier_Gaillard,1.0
Laurent_Garcia,347.36
Yannick_Kerlogot,1.0
Thomas_Gassilloud,983.83
Éric_Girardin,794.49
Guillaume_Gouffier-Cha,939.24
Perrine_Goulet,655.29
Florence_Granjus,556.98
Olivia_Grégoire,979.77
Brahim_Hammouche,580.3
Yannick_Haury,887.6
Pierre_Henriet,1.0
Sacha_Houlié,876.02
Philippe_Huppé,975.15
François_Jolivet,931.52
Catherine_Kamowski,1.0
Stéphanie_Kerbarh,177.13
Rodrigue_Kokouendo,986.37
Sonia_Krimi,219.69
Guy_Bricout,1.0
Aina_Kuric,905.7
Bastien_Lachaud,751.24
Jean-Luc_Lagleize,871.29
Philippe_Latombe,589.08
Moetai_Brotherson,1.0
Vincent_Bru,458.19
Alain_Bruneel,1.0
Aurélien_Pradié,299.17
Matthieu_Orphelin,682.0
Dominique_Potier,888.73
Chris_Evans,565.15
Didier_Le_Gac,756.24
Martine_Leguille-Balloy,1.0
Marion_Lenne,1.0
Aude_Luquet,387.51
Marie-Ange_Magne,1.0
Lise_Magnier,590.25
Emmanuel_Maquet,1.0
Denis_Masséglia,981.09
Max_Mathiasin,1.0
Jean-Paul_Mattei,1.0
Sereine_Mauborgne,928.12
Jean_François_Mbaye,929.81
Marjolaine_Meynier-Millefert,429.63
Philippe_Michel-Kleisbauer,991.87
Patrick_Mignola,477.45
Jean-Michel_Mis,971.73
Jean-Baptiste_Moreau,484.78
Naïma_Moutchou,957.84
Claire_O'Petit,562.89
Zivka_Park,230.07
Stéphane_Peu,1.0
Nigel_Evans,664.5
Michèle_Peyron,639.55
Béatrice_Piron,531.93
Adrien_Quatennens,749.57
Alain_Ramadier,361.37
Richard_Ramos,216.67
Pierre-Alain_Raphan,661.24
Isabelle_Rauch,1.0
Robin_Reda,365.67
Hugues_Renson,395.32
Muriel_Ressiguier,1.0
Cécile_Rilhac,747.81
Véronique_Riotton,843.87
David_Evennett,199.73
Marie-Pierre_Rixain,974.38
Laëtitia_Romeiro_Dias,783.32
Fabien_Roussel,1.24
Sabine_Rubin,1.0
Nicole_Trisse,1.0
Nicole_Dubré-Chirat,629.84
Laëtitia_Saint-Paul,1.0
Valérie_Gomez-Bassac,461.86
Marie_Tamarelle-Verhaeghe,1.0
Thomas_Rudigoz,917.94
Nathalie_Sarles,1.0
Jean-Bernard_Sempastous,750.11
Olivier_Serva,81.57
Bertrand_Sorre,1.0
Sira_Sylla,641.76
Aurélien_Taché,799.94
Buon_Tan,694.64
Jean_Terlier,754.13
Stéphane_Testé,770.13
Nicolas_Turquois,1.0
Hubert_Wulfranc,1.0
Josiane_Corneloup,1.0
Dominique_Da_Silva,940.79
Olivier_Damaisin,862.93
Michel_Delpon,1.0
Michael_Fabricant,1.0
Pierre_Cabaré,209.92
Jacques_Cattin,1.0
Denis_Sommer,1.0
Jean-René_Cazeneuve,990.48
Anthony_Cellier,337.79
Tim_Farron,42.54
Karen_Ellemann,1.0
Philippe_Chassaing,1.0
Guillaume_Chiche,652.64
Paul_Christophe,1.0
Jacqueline_Dubois,442.84
Mireille_Clapot,983.76
Nicole_Le_Peih,938.89
Jean-Charles_Colas-Roy,986.81
Bérangère_Couillard,783.44
Alain_David,152.23
Nicolas_Démoulin,980.08
Marguerite_Deprez-Audebert,958.77
Fabien_Di_Filippo,279.27
Benjamin_Dirx,101.03
Stéphanie_Do,856.48
Jean-François_Eliaou,622.76
Coralie_Dubost,964.6
Fabien_Gouttefarde,982.4
Sophie_Mette,726.09
Bruno_Duvergé,1.0
Pierre_Person,621.41
Mickaël_Nogal,276.34
Christophe_Euzet,717.34
Guillaume_Kasbarian,700.41
Michel_Lauzzana,985.64
Fiona_Lazaar,655.2
Patricia_Mirallès,957.81
Adrien_Morenas,299.2
Bruno_Questel,594.61
Jean-François_Portarrieu,1.0
Alexandre_Freschi,886.71
Raphaël_Gauvain,1.0
Xavier_Roseren,517.19
Sophie_Panonacle,1.0
Audrey_Dufeu-Schubert,423.43
Jacques_Savatier,1.0
Pierre_Vatin,1.0
Pierre-Henri_Dumont,456.33
Stella_Dupont,957.33
Maxime_Minot,348.46
Stéphane_Viry,1.0
Michèle_de_Vaucouleurs,621.32
Nathalie_Élimas,1.0
Maud_Petit,432.74
M'jid_El_Guerrab,775.62
Carole_Grandjean,266.02
Laurent_Saint-Martin,973.76
Véronique_Hammerer,1.0
Agnès_Thill,544.13
Benoit_Simian,881.68
Elvira_Rodríguez,1.0
Emilie_Chalas,828.14
Xavier_Paluszkiewicz,414.37
Ludovic_Mendes,953.73
Richard_Lioger,737.58
Bruno_Fuchs,891.18
Albane_Gaillot,872.59
Jean-Claude_Leclabart,1.0
Gilles_Le_Gendre,956.12
Christophe_Naegelen,1.0
Charlotte_Lecocq,939.54
Éric_Poulliat,639.03
Béatrice_Descamps,42.13
Jonas_Geissler,1.0
Robert_Syms,912.45
María_Auxiliadora_Pérez_Díaz,1.0
Fabien_Lainé,923.03
Séverine_Gipson,952.79
Troels_Lund_Poulsen,1.0
Ulla_Tørnæs,1.0
Frantz_Gumbs,1.0
François_Cornut-Gentille,1.0
François_Pupponi,1.0
François_Ruffin,1.0
Frédéric_Barbier,1.0
Guy_Teissier,1.0
Frédérique_Dumas,1.0
Gabriel_Amard,486.67
Geneviève_Darrieussecq,609.29
Geneviève_Levy,130.92
Philippe_Gomès,1.0
Gilles_Carrez,1.0
Gilles_Lurton,1.0
Gisèle_Biémouret,713.29
Guillaume_Garot,773.22
Guillaume_Larrivé,277.22
Guillaume_Peltier,1.0
Gwendal_Rouillard,785.29
Gérald_Darmanin,993.4
Gérard_Cherpion,49.43
Gérard_Menuel,1.0
Hervé_Pellois,240.47
Hélène_Vainqueur-Christophe,1.0
Jacqueline_Maquet,469.58
Jean-Charles_Taugourdeau,1.0
Jean-Christophe_Lagarde,40.4
Jean-Claude_Bouchet,1.0
Jean-Jacques_Bridey,684.99
Jean-Jacques_Gaultier,1.0
Jean-Louis_Bricout,608.21
Jean-Louis_Thiériot,984.03
Jean-Luc_Reitzer,1.0
Jean-Marie_Sermier,1.0
Jean-Michel_Clément,1.0
Jean-Paul_Dufrègne,1.0
Jean-Philippe_Nilor,1.0
Jean-Pierre_Door,1.0
Jean-Pierre_Pont,993.22
Jean-Pierre_Vigier,1.0
Jean_Lassalle,177.57
Jimmy_Pahun,561.82
Thierry_Benoit,59.36
Julien_Bayou,686.71
Jérôme_Guedj,328.0
Karl_Olive,853.39
Laure_de_La_Raudière,1.0
Nicolas_Metzdorf,921.19
Lorenzo_Quadri,1.0
Louis_Aliot,668.71
Desmond_Swayne,1.0
Julian_Sturdy,296.1
Graham_Stuart,977.79
Mansour_Kamardine,511.72
Mel_Stride,983.59
Gary_Streeter,478.48
Marc_Le_Fur,526.22
Iain_Stewart,1.0
Marianne_Dubois,1.0
Marie-Noëlle_Battistel,1.0
Marie_Guévenoux,575.42
Marietta_Karamanli,1.0
Frédéric_Boccaletti,491.15
Michel_Fanget,1.0
Emmanuel_Lacresse,813.74
Astrid_Panosyan,926.96
Michel_Vialay,1.0
Roger_Chudeau,281.95
Michel_Zumkeller,1.0
Frédéric_Valletoux,980.19
Radovan_Vích,489.77
Clément_Beaune,989.13
Karla_Maříková,1.0
Monique_Iborra,755.96
Liam_Fox,877.79
Juan_López_de_Uralde,1.0
Alberto_Garzón,1.0
Stephen_Hammond,1.0
Sebastian_Münzenmaier,1.0
Andrew_Mitchell,1.0
Olivier_Véran,240.68
David_Mundell,773.69
Jeremy_Hunt,345.53
Chloe_Smith,474.34
Neil_Parish,1.0
John_Redwood,1.0
Michael_Gove,927.27
Nicolas_Forissier,1.0
Cédric_Villani,937.62
Maria_Miller,239.08
Olivier_Falorni,1.0
Olivier_Faure,732.28
Olivier_Marleix,189.67
Markus_Uhl,1.0
Pascal_Brindeau,245.09
Patrick_Hetzel,328.66
Patrick_Vignal,642.09
Paul_Molac,239.57
Pavel_Blažek,1.0
Stephen_Kinnock,543.78
Petr_Fiala,744.92
Petr_Bendl,1.0
Fabian_Hamilton,777.2
Philippe_Berta,775.85
Michelle_Gildernew,1.0
Philippe_Dunoyer,1.0
Philippe_Folliot,437.9
Philippe_Gosselin,827.55
Philippe_Vigier,149.04
Yolanda_Díaz_Pérez,1.0
Achim_Post,760.28
Richard_Bacon,1.0
Catherine_McKinnell,189.9
Bob_Stewart,1.0
John_Stevenson,496.4
Andrew_Stephenson,967.16
Rafael_Simancas,1.0
Ricardo_Tarno,1.34
Richard_Ferrand,995.9
Rosa_Romero_Sánchez,11.7
Régis_Juanico,526.42
Sébastien_Nadot,843.88
Sophie_Errante,1.0
Stéphane_Mazars,980.15
Stéphane_Travert,981.43
Sylvie_Tolmont,329.06
Sébastien_Huyghe,338.78
Sébastien_Jumel,141.54
Thierry_Solère,445.88
Valérie_Rabault,923.59
Jana_Krutáková,1.0
Vincent_Descœur,1.0
Vincent_Rolland,1.0
Virginie_Duby-Muller,1.0
Véronique_Besse,1.0
Véronique_Louwagie,387.12
Yannick_Favennec,302.81
Yves_Daniel,1.0
Éric_Diard,1.0
Éva_Sas,581.54
Martin_Reichardt,926.67
Anne_McLaughlin,619.67
Iñaki_Ruiz_de_Pinedo_Undiano,1.0
Morten_Bødskov,812.22
Peter_Boehringer,1.0
Marie-France_Lorho,1.0
Georg_Bürstmayr,852.12
José_Luis_Ábalos_Meco,1.0
Oskar_Matute,1.0
Andrew_Ullmann,988.96
Mark_Spencer,386.12
John_Spellar,319.89
Yvonne_Fovargue,318.9
Nick_Smith,1.0
Julian_Smith,684.24
Bettina_Stark-Watzinger,988.68
Henry_Smith,1.0
George_Freeman,982.9
Roger_Gale,1.0
Barry_Gardiner,1.0
Mark_Garnier,495.85
Nick_Gibb,1.0
Andy_Slaughter,1.0
John_Glen,1.0
Mary_Glindon,1.0
Chris_Skidmore,1.0
Robert_Goodwill,1.0
Richard_Graham,632.64
Helen_Grant,634.19
James_Gray,241.26
Damian_Green,260.88
Kate_Green,208.91
Lilian_Greenwood,612.02
Nia_Griffith,280.56
Andrew_Gwynne,971.58
Robert_Halfon,768.02
Alec_Shelbrooke,573.9
Jan_Jakob,387.94
Valentin_Abel,983.87
Pascal_Meiser,772.24
Nina_Stahr,992.12
Marianne_Streiff-Feller,1.22
Farida_Amrani,168.86
Thomas_Seitz,110.05
Jürgen_Pohl,391.3
Mariana_Iris_Harder-Kühnel,417.73
Christian_Wirth,259.98
Jochen_Haug,1.0
Kay_Gottschalk,340.9
Harald_Weyel,72.96
Götz_Frömming,219.96
Karsten_Hilse,1.0
Jan_Nolte,1.0
Jens_Beeck,850.77
Marcus_Bühl,1.0
René_Springer,101.66
Steffen_Kotré,220.48
Jörg_Schneider,459.21
Fabian_Jacobi,1.0
Rüdiger_Lucassen,52.5
Michael_Espendiller,382.02
Stefan_Keuter,60.37
Corinna_Miazga,1.0
Martin_Sichert,1.0
Peter_Felser,1.0
Gerold_Otten,71.96
Stephan_Protschka,218.5
Tobias_Peterka,1.0
Reinhard_Houben,984.44
Tino_Chrupalla,288.08
Martin_Hess,200.0
Joana_Cotar,316.66
Uwe_Schulz,1.0
Katrin_Staffler,366.63
Josephine_Ortleb,1.0
Jörn_König,1.0
Christoph_Ploß,991.96
Christian_Sauter,403.33
Marc_Bernhard,1.0
Norbert_Kleinwächter,112.5
Andreas_Bleck,1.0
Wolfgang_Wiehle,1.0
Dirk_Spaniel,141.17
Johannes_Huber,1.0
Uwe_Witt,1.0
Rainer_Kraft,169.8
Jürgen_Braun,191.35
Daniela_Kluckert,973.65
Anna_Christmann,457.25
Renata_Alt,987.03
Gökay_Akbulut,577.2
Christoph_Hoffmann,986.67
Jessica_Tatti,198.69
Benjamin_Strasser,609.29
Axel_Müller,1.0
Michael_Schrodi,515.11
Lukas_Köhler,752.97
Stephan_Pilsinger,457.42
Michael_Kießling,864.17
Nicole_Bauer,993.61
Erhard_Grundl,947.69
Ulrich_Lechte,986.9
Stefan_Schmidt,970.33
Lisa_Badum,978.77
Sebastian_Brehm,513.15
Manuela_Rottmann,990.87
Susanne_Ferschl,537.35
Thomas_Erndl,983.08
Alexander_Müller,917.25
Björn_Manuel_Simon,985.24
Till_Mansmann,445.6
Zaklin_Nastic,439.28
Philipp_Amthor,1.0
Ulrike_Schielke-Ziesing,61.49
Silvia_Breher,1.0
Matthias_Seestern-Pauly,930.37
Dietmar_Friedhoff,281.48
Thomas_Ehrhorn,122.6
Johannes_Schraps,641.5
Claudia_Moll,1.0
Markus_Herbrand,718.46
Nicole_Westig,904.1
Helge_Lindh,404.8
Bernd_Reuther,859.72
Wiebke_Esdar,341.72
Kerstin_Vieregge,981.18
Olaf_in_der_Beek,984.55
Carl-Julius_Cronenberg,595.62
Stefan_Rouenhoff,975.17
Marc_Henrichmann,983.89
Sandra_Weeser,988.98
Josef_Oster,1.0
Carina_Konrad,956.93
Nicole_Höchst,1.0
Mario_Brandenburg,903.34
Mathias_Stein,728.75
Sören_Pellmann,767.47
Sepp_Müller,989.84
Elisabeth_Kaiser,681.94
Gerald_Ullrich,972.66
Gyde_Jensen,989.92
Sophie_Taillé-Polian,1.0
Amira_Mohamed_Ali,648.15
Julien_Odoul,721.31
Falko_Mohrs,827.4
Rocco_Cattaneo,1.0
Bettina_Hoffmann,890.97
Katrin_Helling-Plahr,901.47
Mareike_Wulf,209.4
Frank_Müller-Rosentritt,985.16
Pilar_Marcos_Domínguez,286.04
Jens_Brandenburg,978.32
Philippe_Lottiaux,200.04
Philippa_Strache,1.0
Marc_Biadacz,883.92
Alma_Zadić,637.84
Stephanie_Krisper,859.3
Robert_Stržínek,1.0
Eva-Maria_Holzleitner,149.05
Patricia_von_Falkenstein,1.0
Selma_Yıldırım,1.0
Johanna_Jachs,1.0
Christoph_Stark,1.0
Gerhard_Kaniak,1.0
Martin_Engelberg,1.0
Nico_Marchetti,1.0
Carmen_Jeitler-Cincelli,1.0
Olga_Richterová,1.25
Věra_Adámková,1.0
Christoph_Zarits,1.0
Verena_Nussbaum,1.0
Vojtěch_Munzar,174.01
Max_Lucks,984.9
Martina_Kaufmann,1.0
Milan_Feranec,1.0
Aleš_Juchelka,33.28
Kamal_Farhan,1.0
David_Štolpa,94.17
Xavier_Breton,1.0
Lenka_Dražilová,1.0
Marek_Novák,1.0
Ricarda_Lang,983.28
Natalie_Elphicke,677.19
Sabine_Schatz,22.15
Klaus_Lindinger,1.0
Robert_Laimer,1.0
Karl_Nehammer,598.1
Jaroslav_Bžoch,304.28
Peter_Weidinger,1.0
Pavel_Růžička,1.0
Robert_Králíček,509.07
Rebecca_Kirchbaumer,1.0
Ana_Botella_Gómez,1.0
Petra_Wimmer,1.0
Petr_Sadovský,1.0
Jiří_Mašek,23.17
Ana_Pastor_Julián,1.0
David_Pražák,1.0
Marja-Liisa_Völlers,944.76
Jakub_Janda,343.17
Mette_Gjerskov,1.0
Christophe_Bentz,82.81
Radek_Rozvoral,1.0
Vicky_Ford,934.73
Ida_Auken,1.0
Lucie_Šafránková,1.0
Elvira_Velasco_Morillo,11.92
Radek_Koten,1.0
Tito_Berni,55.52
Eva_Kjer_Hansen,1.0
Nicolas_Meizonnet,654.5
Valentina_Martínez_Ferro,2.79
Philippe_Juvin,588.34
Vicente_Tirado_Ochoa,2.41
Michèle_Victory,648.97
Lubomír_Metnar,32.5
Pedro_Duque,1.0
Hervé_de_Lépinau,222.5
Alyn_Smith,763.98
Marianne_Jelved,1.0
Brigitte_Crottaz,1.0
Jean-Philippe_Tanguy,606.22
Benjamin_Roduit,446.47
Christian_Ries,1.0
Astrid_Krag,1.0
Patxi_López,1.0
Valérie_Boyer,434.75
Sylvia_Pinel,317.18
Gertraud_Salzmann,1.0
Corinna_Scharzenberger,1.0
Alberto_Asarta,1.0
Frederik_Vad_Nielsen,771.0
Carl_Valentin,598.24
David_Amiel,393.98
Franck_Allisio,201.57
Andy_McDonald,178.27
Antoine_Savignat,1.0
Anthony_Browne,615.98
Barry_Sheerman,297.72
Nils_Schmid,977.99
Matt_Hancock,632.06
Greg_Hands,994.21
Mark_Harper,925.78
Rebecca_Harris,985.74
Simon_Hart,964.78
Virendra_Sharma,416.94
Alok_Sharma,710.34
Grant_Shapps,992.19
Jim_Shannon,1.42
Oliver_Heald,277.31
Andrew_Selous,944.2
David_Rutley,573.7
Andrew_Rosindell,198.85
Laurence_Robertson,1.0
Odón_Elorza_González,112.31
Mette_Thiesen,143.24
Katrin_Göring-Eckardt,986.99
Andreas_Glarner,1.0
José_María_Mazón_Ramos,1.0
Kristian_Thulesen_Dahl,1.0
Andreas_Mattfeldt,1.0
Andreas_Scheuer,477.91
Mette_Frederiksen,594.84
Jonathan_Reynolds,796.18
Michael_Töngi,490.47
Matthias_Tavel,404.33
Nicolo_Paganini,569.05
Javier_Ortega_Smith-Molina,1.0
Élisa_Martin,1.0
Jean-Luc_Warsmann,1.0
Michael_Schnedlitz,1.0
Constance_Le_Grip,993.22
Chris_Hazzard,1.0
Claudia_Webbe,1.0
Colum_Eastwood,1.0
Conor_McGinn,1.0
André_Chassaigne,1.0
Craig_Mackinlay,839.55
Sara_Giménez,31.12
Dawn_Butler,138.48
Órfhlaith_Begley,1.0
Anette_Kramme,1.0
Drew_Hendry,580.25
Pia_Olsen_Dyhr,854.21
Lamya_Kaddor,934.17
David_Lammy,948.27
Ria_Schröder,907.7
Doris_Fiala,1.0
Sylvain_Brial,1.0
Manuéla_Kéclard-Mondésir,1.0
Jens_Rohde,1.0
Anna_Firth,865.96
Francie_Molloy,1.0
Zdenka_Němečková_Crkvenjaš,408.94
Ates_Gürpinar,606.45
Volker_Reifenberger,1.0
Janet_Daby,654.46
Frédéric_Cabrolier,464.17
Gareth_Bacon,1.0
Gavin_Robinson,1.0
Theresa_Scavenius,1.0
John_Finucane,1.0
Giles_Watling,1.0
Anke_Domscheit-Berg,610.94
Enrique_Santiago,1.0
Carolina_Telechea_i_Lozano,1.0
Naser_Khader,1.0
Stéphane_Lenormand,71.8
Annalena_Baerbock,988.98
Mounir_Belhamiti,957.64
Stinus_Lindgreen,415.36
Aitor_Esteban,1.0
Friedrich_Merz,988.54
Alfonso_Rodríguez_Gómez_de_Celis,41.34
Annette_Widmann-Mauz,924.57
Nickie_Aiken,562.75
Bertel_Haarder,1.0
Norma_Pujol_i_Farré,1.0
María_José_García-Pelayo_Jurado,1.0
Antonio_González_Terol,1.97
Antonio_Hurtado_Zurera,1.0
Stéphane_Baudu,1.0
Pascal_Lavergne,414.01
Patricia_Lemoine,398.22
Florence_Provendier,987.17
Signe_Munk,406.12
Karel_Haas,745.73
Rachel_Reeves,697.8
Carlos_Rojas_García,1.27
Mark_Pritchard,178.28
Christopher_Pincher,678.98
Bridget_Phillipson,664.78
Nicolai_Wammen,455.02
Toby_Perkins,447.15
Andrew_Percy,1.0
John_Penrose,1.0
Mark_Pawsey,1.0
Priti_Patel,987.86
Guy_Opperman,993.4
Chi_Onwurah,233.21
Matthew_Offord,1.0
Jesse_Norman,621.12
Caroline_Nokes,216.69
Bob_Neill,913.59
Lisa_Nandy,847.15
Andrew_Murrison,724.68
Sheryll_Murray,565.44
Ian_Murray,558.95
James_Morris,492.19
Grahame_Morris,474.0
David_Morris,148.62
Anne_Marie_Morris,271.54
Jessica_Morden,740.14
Penny_Mordaunt,981.67
Nigel_Mills,1.0
Kerry_McCarthy,318.21
Yoann_Gillet,182.49
Jean-Luc_Mélenchon,902.18
Christoph_Schmid,1.0
Ian_Mearns,1.0
Esther_McVey,1.0
Stephen_McPartland,440.43
Nanna_W._Gotfredsen,1.0
Antje_Tillmann,929.96
Francisco_José_Alcaraz,1.0
Gabriel_Elorriaga_Pisarik,59.19
Natalie_Imboden,798.94
Miguel_Ángel_González_Caballero,1.0
Francis_Chouat,346.4
Corina_Gredig,758.67
Inés_Sabanés,1.0
José_Ignacio_Echániz,296.07
Juan_José_Aizcorbe_Torra,1.0
Samira_Marti,151.45
Matthias_Moosdorf,183.69
Pau_Marí-Klose,617.95
Lourdes_Méndez_Monasterio,1.0
Magdalena_Valerio_Cordero,1.0
Manuel_Mestre_Barea,1.0
María_Jesús_Montero_Cuadrado,1.0
María_Luisa_Carcedo,1.0
Philipp_Matthias_Bregy,834.54
Pablo_Casado_Blanco,1.0
Hélène_Laporte,535.13
Nezahat_Baradari,1.0
Pedro_Quevedo_Iturbe,1.0
Pedro_Sánchez,257.38
Percival_Manglano,1.0
Bénédicte_Pételle,1.0
Olaf_Scholz,987.02
Franciska_Rosenkilde,1.0
Sandra_Moneo,1.0
Andrea_Holzner,1.0
James_Cleverly,974.41
Pedro_Fernández_Hernández,1.0
Iván_Espinosa_de_los_Monteros_de_Simón,1.0
John_Healey,969.66
Valentín_García_Gómez,155.83
Gabriela_Suter,520.13
Pierre_Meurin,233.28
Kilian_Baumann,1.0
Norbert_Röttgen,985.67
David_Valence,992.82
Xavier_Albertini,815.4
Heidi_Reichinnek,617.0
Martin_Kukla,1.0
Montse_Bassa,1.0
Laura_López_i_Domínguez,1.0
Francisco_Aranda_Vargas,187.68
Javier_Alfonso,34.52
Marie_Bjerre,181.28
Sylvie_Bellecourt,120.66
Isabelle_Périgault,1.0
Philippe_Benassaya,409.45
Tilman_Kuban,978.01
Karel_Havlíček,73.35
Maria_das_Graças_Carvalho_Dantas,1.0
Marta_Rosique,1.0
Pablo_Montesinos_Aguayo,1.0
Kévin_Pfeffer,246.3
Hadrien_Ghomi,988.03
Paloma_Gázquez,1.4
Arnau_Ramírez_Carner,1.0
Omar_Anguita,102.51
Franziska_Roth,1.0
Stéphanie_Atger,971.81
Sonia_Guerra_López,134.98
Charles_Sitzenstuhl,990.73
Angélique_Ranc,347.29
Ruth_Jones,584.33
Alexis_Jolly,610.6
Yannick_Neuder,149.66
Jean-Pierre_Taite,1.0
Emmanuel_Mandon,1.0
Antoine_Léaument,649.74
Valérie_Six,109.24
Michel_Guiniot,1.0
Christine_Engrand,1.0
Gerard_Álvarez_i_Garcia,1.0
Genís_Boadella_Esteve,1.27
Josep_Pagès_Massó,158.01
Claudia_Rouaux,821.61
Émeric_Salmon,151.42
Nathalie_Porte,537.1
Timothée_Houssin,1.0
Edwige_Diaz,653.2
Nicolas_Thierry,1.0
Juan_Carlos_Segura_Just,1.0
José_Gonzalez,1.0
Christelle_D'Intorni,1.0
Yannick_Chenevard,560.29
Lionel_Tivoli,1.0
Inés_Granollers_i_Cunillera,1.0
Francisco_José_Contreras_Peláez,1.0
Christophe_Barthès,233.39
Sophie_Blanc,371.64
Antoine_Armand,751.99
Manuel_Mariscal_Zabala,1.0
Charles_Fournier,1.0
Mathilde_Paris,342.29
Julie_Lechanteux,527.92
Olivier_Hoarau,1.0
Christian_Baptiste,1.0
Joël_Giraud,981.18
Verena_Herzog,1.0
Grégoire_de_Fournas,1.0
Ludovic_Loquet,1.0
Laurence_Robert-Dehault,131.8
Lionel_Royer-Perreaut,723.01
Jean-Marc_Tellier,1.31
Stéphane_Delautrette,329.36
Philippe_Fait,953.36
Brigitte_Klinkert,991.86
Christelle_Petex-Levet,1.0
Philippe_Sorez,398.11
Roger_Vicot,1.0
Nadège_Abomangoli,657.0
Romain_Daubié,1.0
François_Gernigon,640.98
Yves_Hemedinger,297.3
Stéphanie_Kochert,1.0
Isabelle_Santiago,829.71
Luc_Lamirault,269.07
Élie_Califer,1.0
Bastien_Coriton,1.0
Laurence_Cristol,566.21
Anna_Pic,667.61
Françoise_Buffet,1.0
Jean-François_Lovisolo,1.0
Ekin_Deligöz,907.02
Keir_Starmer,996.3
Edmundo_Bal_Francés,43.27
María_de_la_Cabeza_Ruiz_Solás,1.0
Carla_Toscano_de_Balbín,1.0
Mercedes_Pérez_Merino,1.0
Isaura_Leal,149.77
Joy_Morrissey,653.2
Suzanne_Webb,539.42
Brendan_Clarke-Smith,939.79
Zarah_Sultana,1.0
Tom_Randall,545.93
Fay_Jones,514.96
Ángel_López_Maraver,1.0
Linea_Søgaard-Lidell,246.17
Ondřej_Babka,152.19
Héctor_Illueca_Ballester,1.0
Kit_Malthouse,1.0
Roberto_Uriarte_Torrealday,1.0
Andrea_Fernández_Benéitez,31.82
Aki-Matilda_Høegh-Dam,1.0
Bjørn_Brandenborg,745.14
Marlene_Ambo-Rasmussen,533.77
Victoria_Velásquez,1.0
Niels_Flemming_Hansen,1.0
Lars_Boje_Mathiesen,1.0
Camilla_Fabricius,204.3
Heidi_Bank,392.8
Katrine_Robsøe,51.43
Anne_Sophie_Callesen,1.0
Charlotte_Broman_Mølbæk,439.0
Mona_Juul,455.33
Christoffer_Aagaard_Melson,451.55
Anders_Kronborg,349.91
Birgitte_Vind,412.38
Astrid_Carøe,123.62
Anne_Valentina_Berthelsen,616.89
Kathrine_Olldag,331.59
Rasmus_Stoklund,813.1
Henrik_Møller,1.0
Birgitte_Bergman,354.99
Mai_Villadsen,139.18
Samira_Nawa,1.0
Halime_Oğuz,234.7
Katarina_Ammitzbøll,339.77
Franck_Riester,983.84
Philip_Krämer,951.89
Macarena_Olona_Choclán,1.0
Martin_Haab,1.0
Claudia_Friedl,389.76
Fernando_Adolfo_Gutiérrez_Díaz_de_Otazu,1.3
Ricardo_Chamorro_Delmo,1.0
Lukas_Hammer,552.12
Lars_Christian_Lilleholt,1.0
Leonore_Gewessler,921.55
Isabel_Mackensen-Geis,220.03
Gesine_Lötzsch,474.04
Gregor_Gysi,454.89
Renate_Künast,990.85
José_Ramírez_del_Río,1.0
Víctor_Manuel_Sánchez_del_Real,1.0
José_María_Figaredo_Álvarez-Sala,1.0
Pablo_Sáez_Alonso-Muñumer,1.0
María_de_los_Reyes_Romero_Vilches,1.0
Patricia_Rueda_Perelló,1.0
Pernille_Rosenkrantz-Theil,503.92
Claudia_Müller,969.22
Belén_Fernández_Casero,88.88
Ana_Prieto,34.36
Olga_Alonso_Suárez,137.08
Patrick_Loiseau,495.55
Mickaël_Bouloux,702.07
Mickaël_Cosson,1.0
Francis_Dubois,1.0
Dominique_Faure,524.24
Sophie_Metadier,1.0
Marcellin_Nadeau,1.0
Nicolas_Pacquot,512.61
Vincent_Seitlinger,1.0
David_Taupiac,381.0
Anne-Cécile_Violland,1.0
Lionel_Vuibert,665.13
Felix_Wettstein,614.06
Beatriz_Carrillo,11.76
Hans-Peter_Friedrich,281.12
Barbara_Neßler,362.15
Cristina_López_Zamora,1.0
Carmen_Baños_Ruiz,95.8
Therese_Schläpfer,1.0
Barbara_Schaffner,598.49
Gema_López_Somoza,95.59
Rocío_De_Meer_Méndez,1.0
Ignacio_López_Cano,33.05
José_Luis_Aceves_Galindo,90.94
Eva_Bravo_Barco,1.0
Eva_Patricia_Bueno_Campanario,1.0
Helena_Caballero_Gutiérrez,114.12
Pablo_Cambronero_Piqueras,1.0
Mariana_de_Gracia_Canales_Duque,1.0
Santos_Cerdán_León,1.0
Ismael_Cortés_Gómez,1.0
María_Soledad_Cruz-Guzmán_García,1.0
Juan_Cuatrecasas_Asua,167.67
Luc_Andre_Diouf_Dioh,207.72
José_Carlos_Durán_Peralta,53.46
Cristina_Alicia_Esteban_Calonje,1.0
Mario_Garcés_Sanagustín,1.0
María_Montserrat_García_Chavarría,92.99
Maribel_García_López,155.63
Roberto_García_Morís,1.0
Héctor_Gómez_Hernández,261.56
Ariagona_González_Pérez,1.0
María_Guijarro_Ceballos,43.05
Pedro_Antonio_Honrubia_Hurtado,1.34
Antonia_Jover_Díaz,1.0
Fuensanta_Lima_Cid,1.0
Juan_Ignacio_López-Bas_Valero,11.24
Andrés_Lorite_Lorite,1.27
Roser_Maestro_Moliner,1.0
María_Ángeles_Marra_Domínguez,44.92
María_Marrodán_Funes,1.0
María_Carmen_Martínez_Granados,31.93
Montse_Mínguez_García,1.0
Lucía_Muñoz_Dalda,1.32
María_Muñoz_Vidal,23.04
Esther_Padilla_Ruiz,42.97
Adolfo_Pérez_Abellás,31.99
Margarita_Prohens_Rigo,2.7
Germán_Renau_Martínez,1.0
Marisa_Saavedra_Muñoz,1.0
Mariano_Sánchez_Escobar,1.0
Marisol_Sánchez_Jódar,1.0
Juan_Francisco_Serrano_Martínez,43.42
Yolanda_Seva_Ruiz,1.0
Martina_Velarde_Gómez,1.0
Noemí_Villagrasa_Quero,1.0
Peter_Heidt,988.14
Lucy_Powell,849.81
Pierre_Venteau,528.15
Afzal_Khan,908.66
Drahoslav_Ryba,1.0
Chris_Heaton-Harris,578.84
Mark_Hendrick,131.71
Marc_Fesneau,988.1
Meg_Hillier,229.14
Damian_Hinds,720.87
Martin_Geertsen,190.7
Christiane_Schenderlein,449.35
Marionna_Schlatter,488.31
Tanja_Larsson,1.0
Mickey_Brady,1.0
Armin_Schwarz,274.34
Margaret_Hodge,319.0
Sharon_Hodgson,991.88
Adam_Holloway,1.0
Stewart_Hosie,691.85
George_Howarth,1.0
Lindsay_Hoyle,138.31
Daniel_Kawczynski,1.0
Jakob_Schwarz,315.51
Bernd_Riexinger,715.52
Johannes_Margreiter,856.9
Maximilian_Köllner,1.0
Alison_McGovern,847.63
Pat_McFadden,480.95
John_McDonnell,191.13
Siobhain_McDonagh,307.11
Karl_McCartney,791.0
Jason_McCartney,993.33
Steve_McCabe,301.17
Paul_Maynard,1.0
Paul_Maskey,1.0
Seema_Malhotra,607.96
Shabana_Mahmood,192.41
Khalid_Mahmood,668.45
Angus_MacNeil,300.32
Tim_Loughton,840.4
Jonathan_Lord,506.66
Jack_Lopresti,804.43
Tony_Lloyd,1.0
Meri_Disoski,795.64
Neil_O'Brien,732.77
Hermann_Gröhe,884.27
Mariona_Illamola_Dausà,1.0
Christian_Jacob,130.95
Rudolf_Silvan,1.0
Jean-Louis_Bourlanges,983.8
Paul_Girvan,1.0
Hubertus_Heil,404.34
Pavel_Žáček,853.24
Maud_Gatel,965.94
Omid_Nouripour,987.27
Yannick_Shetty,502.43
Christine_Badertscher,460.24
Alexander_Graf_Lambsdorff,987.81
Simone_de_Montmollin,247.15
Christophe_Clivaz,257.58
Delphine_Klopfenstein_Broggini,396.68
Sidney_Kamerzin,1.0
Léonore_Porchet,841.37
Christian_Dandrès,1.0
Sophie_Michaud_Gigon,499.04
Marie-France_Roth_Pasquier,152.37
François_Pointet,199.04
Fabien_Fivaz,808.51
Damien_Cottier,777.17
Franziska_Ryser,160.69
Meret_Schneider,625.26
Kurt_Egger,450.47
Martin_Litschauer,899.28
Henrike_Brandstötter,216.94
Gerhard_Andrey,624.86
Stéfanie_Prezioso,1.0
Fiona_Fiedler,275.57
Andreas_Minnich,614.59
Petra_Vorderwinkler,1.0
Olga_Voglauer,1.0
Ralph_Schallmeiner,456.07
Markus_Koza,198.57
Elisabeth_Götze,128.56
Martina_Künsberg_Sarre,459.69
Alois_Schroll,1.0
Petra_Oberrauner,1.0
Joachim_Schnabel,468.68
Carina_Reiter,1.0
Céline_Widmer,545.3
Greta_Gysin,587.55
Jörg_Mäder,308.35
Süleyman_Zorba,505.25
Dan_Jarvis,220.73
Sajid_Javid,989.09
Bernard_Jenkin,1.0
Diana_Johnson,974.54
Gareth_Johnson,1.0
Andrew_Jones,1.0
David_Jones,1.0
Joe_Weingarten,787.39
Karim_Ben_Cheikh,1.0
Esther_Friedli,1.0
Pilar_Calvo_i_Gómez,1.0
Michael_Kaufmann,258.71
Monika_Rüegger,1.0
Rupa_Huq,1.0
Christian_Wasserfallen,467.52
Sarah_Champion,932.51
Valentine_Python,337.08
Isabelle_Pasquier,744.35
Jürg_Grossen,609.45
Juan_Luis_Steegmann_Olmedillas,1.0
Mireia_Borrás_Pabón,1.0
Georgina_Trías_Gil,1.0
Antonio_Salvá_Verd,1.0
Patricia_de_las_Heras_Fernández,1.0
María_Magdalena_Nevado_del_Campo,1.0
Carlos_Zambrano_García-Raez,1.0
Tomás_Fernández_Ríos,1.0
Pablo_Juan_Calvo_Liste,1.0
Rubén_Silvano_Manso_Olivar,1.25
Luis_Gestoso_de_Miguel,1.0
Julio_Utrilla_Cano,1.0
Inés_María_Cañizares_Pacheco,1.0
Rodrigo_Jiménez_Revuelta,1.0
Víctor_Guido_González_Coello_de_Portugal,1.29
María_Teresa_López_Álvarez,1.23
Judith_Bellaïche,170.21
Melanie_Mettler,142.63
Søren_Søndergaard,1.0
Ian_Liddell-Grainger,1.0
Edward_Leigh,1.0
Andrea_Leadsom,982.52
Ian_Lavery,110.68
Pauline_Latham,1.0
Eleanor_Laing,463.71
Kwasi_Kwarteng,986.51
Greg_Knight,1.0
Liz_Kendall,314.57
Barbara_Keeley,804.84
Marcus_Jones,808.38
Kevan_Jones,1.0
Helge_Limburg,991.85
James_Murray,210.59
Fleur_Anderson,840.34
Simon_Baynes,960.45
Theo_Clarke,900.16
Sarah_Owen,358.82
Feryal_Clark,517.5
Navendu_Mishra,635.49
Dave_Doogan,767.95
Neale_Hanvey,1.0
Stephen_Flynn,786.02
Richard_Thomson,757.71
Steven_Bonnar,653.57
Allan_Dorans,1.0
Amy_Callaghan,818.34
Munira_Wilson,1.29
Wendy_Chamberlain,80.52
Helen_Morgan,1.0
Stephen_Doughty,986.26
Stephen_Farry,1.0
Steve_Reed,418.83
Jerome_Mayhew,198.65
Franziska_Brantner,989.84
Katherine_Fletcher,934.19
Simon_Fell,684.24
Darren_Henry,1.0
Selaine_Saxby,960.1
Julie_Marson,1.0
Felicity_Buchan,417.5
Matt_Vickers,1.0
Mark_Eastwood,1.0
Jamie_Wallis,671.32
Gary_Sambrook,340.38
Olivia_Blake,912.15
Christian_Wakeford,664.71
Scott_Benton,566.9
Nadia_Whittome,532.89
Duncan_Baker,992.1
Robbie_Moore,966.32
Sarah_Atherton,1.0
Alicia_Kearns,994.29
Robert_Largan,1.0
Laura_Farris,833.82
Siobhan_Baillie,914.39
Lia_Nici,318.24
Stuart_Anderson,986.25
Antony_Higginbotham,684.71
Sara_Britcliffe,625.45
Louie_French,774.46
Mary_Foy,600.59
David_Simmonds,1.0
Elliot_Colburn,1.0
Marco_Longhi,412.72
Nicola_Richards,1.0
Angela_Richardson,971.18
Shaun_Bailey,420.54
Mick_Whitley,1.0
Beth_Winter,564.3
Sam_Tarry,268.42
Paula_Barker,189.82
Apsana_Begum,350.23
Chris_Loder,225.49
Abena_Oppong-Asare,869.5
Bell_Ribeiro-Addy,195.96
Taiwo_Owatemi,388.69
Charlotte_Nichols,625.14
Cherilyn_Mackrory,940.83
Imran_Ahmad_Khan,1.0
Neil_Hudson,909.55
Claire_Coutinho,396.54
Sally-Ann_Hart,683.89
Sarah_Dines,436.8
Ben_Everitt,954.21
Gagan_Mohindra,1.0
Paul_Bristow,917.49
Kieran_Mullan,416.07
Dehenna_Davison,655.87
Alex_Davies-Jones,904.68
Ian_Byrne,297.07
Florence_Brenzikofer,743.19
Rachel_Hopkins,834.84
Mark_Logan,466.42
Andy_Carter,632.54
Kim_Johnson,698.65
Saqib_Bhatti,692.32
James_Sunderland,752.61
Simon_Jupp,577.45
Alexander_Stafford,826.55
Robin_Millar,1.0
Jane_Hunt,251.71
Luke_Evans,487.51
James_Daly,1.0
Paul_Holmes,1.0
Mark_Jenkinson,1.0
Dean_Russell,791.07
Jacob_Young,1.0
Jo_Gideon,487.79
Tahir_Ali,1.0
Anthony_Mangnall,368.93
Ruth_Edwards,1.0
Kate_Osborne,132.15
James_Wild,883.29
Andrew_Western,276.57
Peter_Gibson,791.01
Ben_Spencer,461.84
Stefanie_Heimgartner,1.0
Misbah_Khan,436.59
Richard_Holden,983.69
Chris_Clarkson,1.0
Paul_Howell,960.29
Greg_Smith,555.05
Tom_Hunt,839.88
Gareth_Davies,889.24
Lee_Anderson,1.0
Rob_Butler,256.45
Nick_Fletcher,906.65
David_Johnston,230.93
Andrew_Griffith,758.72
Jane_Stevenson,977.67
Aaron_Bell,967.54
Manuel_Strupler,1.0
Bruno_Storni,1.0
Piero_Marchesi,1.0
Thomas_Brunner,1.0
Lars_Guggisberg,1.0
Katja_Christ,219.82
Maja_Riniker,1.0
Sahra_Wagenknecht,675.64
Petra_Pau,510.71
Sandra_Guaita_Esteruelas,1.0
Sevim_Dağdelen,698.64
Hana_Naiclerová,452.65
Alexander_Radwan,601.44
Armin_Laschet,875.28
Torsten_Schack_Pedersen,32.09
Tulip_Siddiq,327.33
Florence_Morlighem,979.99
Axel_Knoerig,794.4
Aydan_Özoğuz,573.88
Miguel_Ángel_Castellón_Rubio,1.59
Wes_Streeting,856.92
Concepció_Cañadell_i_Salvia,1.31
Christophe_Marion,257.22
Balthasar_Glättli,834.99
Beat_Flach,828.06
Beate_Müller-Gemmeke,979.35
Agnes_Sirkka_Prammer,523.83
Javier_Cerqueiro_González,71.72
Beatriz_Álvarez_Fanjul,1.0
Pablo_Hispán_Iglesias_de_Ussel,2.68
Beatriz_Jiménez_Linuesa,1.0
Sebastián_Jesús_Ledesma_Martín,1.44
Javier_Merino_Martínez,1.0
Pedro_Navarro_López,1.72
Juan_Luis_Pedreño_Molina,1.0
María_de_la_O_Redondo_Calvillo,1.16
Eduardo_Carazo_Hermoso,1.28
Elena_Castillo_López,1.55
Mario_Cortés_Carballo,1.0
Andrés_Alberto_Rodríguez_Almeida,1.0
Antidio_Fagúndez_Campo,1.0
María_del_Pilar_Rodríguez_Gómez,1.0
Pedro_Casares_Hontañón,177.3
Lorenz_Hess,1.0
Ana_Oramas,1.0
Bernard_Reynès,1.0
Indalecio_Gutiérrez,1.0
Sandra_Bubendorfer-Licht,426.32
Sjúrður_Skaale,1.0
Bettina_Rausch,1.0
Camille_Galliard-Minier,678.22
Jörg_Leichtfried,140.54
Ingeborg_Gräßle,670.52
Anja_Weisgerber,785.62
Christian_Wolfgang_Lindner,981.76
Dorothee_Bär,986.69
Anna_Lührmann,989.15
Alois_Stöger,1.0
Jens_Spahn,916.82
Nadine_Masshardt,1.0
Pierre_Cazeneuve,740.32
Ali_Al-Dailami,1.0
Gudrun_Kugler,277.63
Edurne_Uriarte,1.0
Emilio_del_Valle,1.24
Julia_Klöckner,979.4
Christoph_Matznetter,1.0
Sebastian_Fiedler,464.74
Christian_von_Stetten,1.0
Souad_Zitouni,1.0
Bohuslav_Svoboda,1.0
Daniel_Senderos_Oraá,157.65
Bernard_Deflesselles,290.49
Ralf_Stegner,893.46
Uxía_Tizón_Vázquez,103.78
Joaquín_García_Díez,1.0
Meritxell_Batet,270.08
Dagmar_Belakowitsch,1.0
Thomas_Bareiß,980.27
Frank_Bsirske,375.42
Frank_Schäffler,670.85
Britta_Haßelmann,992.46
Michel_Herbillon,1.0
Pavel_Svoboda,620.65
Igor_Hendrych,1.0
Matěj_Havel,353.52
Viktor_Vojtko,833.09
Ondřej_Lochman,695.84
Miloš_Nový,1.0
Ivana_Mádlová,1.0
Rafael_José_Vélez,137.46
Sandra_Boëlle,473.6
Sarah_Wyss,669.16
Jan-Marco_Luczak,991.12
Nathalie_Serre,150.6
Sarah_Taillebois,1.0
Damien_Abad,592.15
Caroline_Lucas,537.08
Josip_Juratovic,544.63
Cécile_Delpirou,197.94
Catherine_Pujol,336.38
Myriane_Houplain,461.91
Chantal_Jourdan,829.57
Claire_Bouchet,1.0
David_Corceiro,949.07
Luc_Geismar,760.52
Marie_Silin,990.43
Sylvain_Templier,927.26
Thomas_Jarzombek,617.83
Gunther_Krichbaum,385.28
Jean-Claude_Raux,250.07
Pascal_Lecamp,1.0
Éric_Martineau,1.0
Michel_Sala,1.0
Henri_Alfandari,1.0
Laurent_Alexandre,1.0
Kenny_MacAskill,1.0
Uffe_Elbæk,41.95
Richard_Foord,274.57
Jens_Teutrine,419.25
Henning_Otte,861.25
Michael_Georg_Link,983.53
Dietmar_Bartsch,754.45
Anne-Laure_Blin,1.0
Gérard_Leseul,793.07
Karine_Lebon,1.0
Muriel_Roques-Étienne,729.58
Andrej_Hunko,169.66